structure_id,conf_symbol,mixing_energy_pa,Ti,Al,Nb
ICET-Training-No-00001,Ti,0.0,1.0,0.0,0.0
ICET-Training-No-00002,Al,0.0,0.0,1.0,0.0
ICET-Training-No-00003,Nb,0.0,0.0,0.0,1.0
ICET-Training-No-00006,AlTi,-0.507799225,0.5,0.5,0.0
ICET-Training-No-00007,NbTi,-0.02128712,0.5,0.0,0.5
ICET-Training-No-00010,AlNb,-0.3444552,0.0,0.5,0.5
ICET-Training-No-00016,AlTi,-0.36693168,0.5,0.5,0.0
ICET-Training-No-00017,NbTi,0.01484872,0.5,0.0,0.5
ICET-Training-No-00020,AlNb,-0.08308722,0.0,0.5,0.5
ICET-Training-No-00026,AlTi2,-0.37520537,0.6667,0.3333,0.0
ICET-Training-No-00027,NbTi2,-0.014400863333333333,0.6667,0.0,0.3333
ICET-Training-No-00030,Al2Ti,-0.3404164966666667,0.3333,0.6667,0.0
ICET-Training-No-00031,AlNbTi,-0.26801584,0.3333,0.3333,0.3333
ICET-Training-No-00034,Nb2Ti,-0.010780503333333332,0.3333,0.0,0.6667
ICET-Training-No-00040,Al2Nb,-0.19758084333333334,0.0,0.6667,0.3333
ICET-Training-No-00043,AlNb2,-0.20136404333333333,0.0,0.3333,0.6667
ICET-Training-No-00056,AlTi2,-0.23916505333333335,0.6667,0.3333,0.0
ICET-Training-No-00057,NbTi2,-0.029142123333333336,0.6667,0.0,0.3333
ICET-Training-No-00060,Al2Ti,-0.40038520666666666,0.3333,0.6667,0.0
ICET-Training-No-00061,AlNbTi,-0.1981378,0.3333,0.3333,0.3333
ICET-Training-No-00064,Nb2Ti,-0.025223393333333333,0.3333,0.0,0.6667
ICET-Training-No-00070,Al2Nb,-0.28945341666666663,0.0,0.6667,0.3333
ICET-Training-No-00073,AlNb2,-0.14824666666666667,0.0,0.3333,0.6667
ICET-Training-No-00086,AlTi2,-0.37182696,0.6667,0.3333,0.0
ICET-Training-No-00087,NbTi2,-0.014164156666666665,0.6667,0.0,0.3333
ICET-Training-No-00090,Al2Ti,-0.33801801000000004,0.3333,0.6667,0.0
ICET-Training-No-00091,AlNbTi,-0.26412811666666663,0.3333,0.3333,0.3333
ICET-Training-No-00094,Nb2Ti,0.003573653333333333,0.3333,0.0,0.6667
ICET-Training-No-00100,Al2Nb,-0.19003371,0.0,0.6667,0.3333
ICET-Training-No-00103,AlNb2,-0.20408898333333333,0.0,0.3333,0.6667
ICET-Training-No-00116,AlTi3,-0.2909098925,0.75,0.25,0.0
ICET-Training-No-00117,NbTi3,-0.01057471,0.75,0.0,0.25
ICET-Training-No-00120,Al2Ti2,-0.2773830825,0.5,0.5,0.0
ICET-Training-No-00121,AlNbTi2,-0.2032126625,0.5,0.25,0.25
ICET-Training-No-00124,Nb2Ti2,-0.007152465,0.5,0.0,0.5
ICET-Training-No-00130,AlNbTi2,-0.21712156,0.5,0.25,0.25
ICET-Training-No-00133,Al3Ti,-0.2685880075,0.25,0.75,0.0
ICET-Training-No-00134,Al2NbTi,-0.193183395,0.25,0.5,0.25
ICET-Training-No-00137,Al2NbTi,-0.4238882325,0.25,0.5,0.25
ICET-Training-No-00138,AlNb2Ti,-0.17463583,0.25,0.25,0.5
ICET-Training-No-00151,AlNb2Ti,-0.1578430475,0.25,0.25,0.5
ICET-Training-No-00154,Nb3Ti,-0.0034410975,0.25,0.0,0.75
ICET-Training-No-00176,Al3Nb,-0.2024120775,0.0,0.75,0.25
ICET-Training-No-00179,Al2Nb2,-0.155967845,0.0,0.5,0.5
ICET-Training-No-00187,AlNb3,-0.14546586,0.0,0.25,0.75
ICET-Training-No-00221,AlTi3,-0.236821295,0.75,0.25,0.0
ICET-Training-No-00222,NbTi3,-0.033421345,0.75,0.0,0.25
ICET-Training-No-00225,Al2Ti2,-0.43146781,0.5,0.5,0.0
ICET-Training-No-00226,AlNbTi2,-0.2568810275,0.5,0.25,0.25
ICET-Training-No-00229,Nb2Ti2,-0.0264561125,0.5,0.0,0.5
ICET-Training-No-00235,AlNbTi2,-0.242235895,0.5,0.25,0.25
ICET-Training-No-00238,Al3Ti,-0.3127081825,0.25,0.75,0.0
ICET-Training-No-00239,Al2NbTi,-0.3990007175,0.25,0.5,0.25
ICET-Training-No-00242,Al2NbTi,-0.43449829,0.25,0.5,0.25
ICET-Training-No-00243,AlNb2Ti,-0.1992570075,0.25,0.25,0.5
ICET-Training-No-00256,AlNb2Ti,-0.1708436025,0.25,0.25,0.5
ICET-Training-No-00259,Nb3Ti,-0.010836035,0.25,0.0,0.75
ICET-Training-No-00281,Al3Nb,-0.2825089525,0.0,0.75,0.25
ICET-Training-No-00284,Al2Nb2,-0.33669171,0.0,0.5,0.5
ICET-Training-No-00292,AlNb3,-0.1345173925,0.0,0.25,0.75
ICET-Training-No-00326,AlTi3,-0.2771984075,0.75,0.25,0.0
ICET-Training-No-00327,NbTi3,-0.0118916525,0.75,0.0,0.25
ICET-Training-No-00330,Al2Ti2,-0.2419719675,0.5,0.5,0.0
ICET-Training-No-00331,AlNbTi2,-0.225330215,0.5,0.25,0.25
ICET-Training-No-00334,Nb2Ti2,-0.01698995,0.5,0.0,0.5
ICET-Training-No-00340,AlNbTi2,-0.30301149,0.5,0.25,0.25
ICET-Training-No-00343,Al3Ti,-0.2718230075,0.25,0.75,0.0
ICET-Training-No-00344,Al2NbTi,-0.2463452575,0.25,0.5,0.25
ICET-Training-No-00347,Al2NbTi,-0.2177677175,0.25,0.5,0.25
ICET-Training-No-00348,AlNb2Ti,-0.25781059,0.25,0.25,0.5
ICET-Training-No-00361,AlNb2Ti,-0.171885155,0.25,0.25,0.5
ICET-Training-No-00364,Nb3Ti,0.0083815725,0.25,0.0,0.75
ICET-Training-No-00386,Al3Nb,-0.242423575,0.0,0.75,0.25
ICET-Training-No-00389,Al2Nb2,-0.210253615,0.0,0.5,0.5
ICET-Training-No-00397,AlNb3,-0.18255941,0.0,0.25,0.75
ICET-Training-No-00431,AlTi3,-0.239526855,0.75,0.25,0.0
ICET-Training-No-00432,NbTi3,-0.00949115,0.75,0.0,0.25
ICET-Training-No-00435,Al2Ti2,-0.471246095,0.5,0.5,0.0
ICET-Training-No-00436,AlNbTi2,-0.1901946475,0.5,0.25,0.25
ICET-Training-No-00439,Nb2Ti2,-0.0122361425,0.5,0.0,0.5
ICET-Training-No-00445,AlNbTi2,-0.2874960075,0.5,0.25,0.25
ICET-Training-No-00448,Al3Ti,-0.4932652675,0.25,0.75,0.0
ICET-Training-No-00449,Al2NbTi,-0.4093361375,0.25,0.5,0.25
ICET-Training-No-00452,Al2NbTi,-0.462294805,0.25,0.5,0.25
ICET-Training-No-00453,AlNb2Ti,-0.1985704,0.25,0.25,0.5
ICET-Training-No-00466,AlNb2Ti,-0.2066784025,0.25,0.25,0.5
ICET-Training-No-00469,Nb3Ti,-0.0047496175,0.25,0.0,0.75
ICET-Training-No-00491,Al3Nb,-0.2661253425,0.0,0.75,0.25
ICET-Training-No-00494,Al2Nb2,-0.2968344775,0.0,0.5,0.5
ICET-Training-No-00502,AlNb3,-0.1286461425,0.0,0.25,0.75
ICET-Training-No-00536,AlTi3,-0.242418335,0.75,0.25,0.0
ICET-Training-No-00537,NbTi3,-0.0095601575,0.75,0.0,0.25
ICET-Training-No-00540,Al2Ti2,-0.165138775,0.5,0.5,0.0
ICET-Training-No-00541,AlNbTi2,-0.17713226,0.5,0.25,0.25
ICET-Training-No-00544,Nb2Ti2,-0.013472115,0.5,0.0,0.5
ICET-Training-No-00550,AlNbTi2,-0.301966965,0.5,0.25,0.25
ICET-Training-No-00553,Al3Ti,-0.05763071,0.25,0.75,0.0
ICET-Training-No-00554,Al2NbTi,-0.1454716025,0.25,0.5,0.25
ICET-Training-No-00557,Al2NbTi,-0.224723415,0.25,0.5,0.25
ICET-Training-No-00558,AlNb2Ti,-0.2206458675,0.25,0.25,0.5
ICET-Training-No-00571,AlNb2Ti,-0.06888719,0.25,0.25,0.5
ICET-Training-No-00574,Nb3Ti,0.00467575,0.25,0.0,0.75
ICET-Training-No-00596,Al3Nb,0.0879381775,0.0,0.75,0.25
ICET-Training-No-00599,Al2Nb2,-0.1223485825,0.0,0.5,0.5
ICET-Training-No-00607,AlNb3,-0.1045668325,0.0,0.25,0.75
ICET-Training-No-00641,AlTi3,-0.2334256525,0.75,0.25,0.0
ICET-Training-No-00642,NbTi3,-0.0194656875,0.75,0.0,0.25
ICET-Training-No-00645,AlNbTi2,-0.2269368225,0.5,0.25,0.25
ICET-Training-No-00651,Al3Ti,-0.284883595,0.25,0.75,0.0
ICET-Training-No-00652,Al2NbTi,-0.4368891775,0.25,0.5,0.25
ICET-Training-No-00655,AlNb2Ti,-0.1924753775,0.25,0.25,0.5
ICET-Training-No-00661,Nb3Ti,-0.0061425775,0.25,0.0,0.75
ICET-Training-No-00671,Al3Nb,-0.2274523775,0.0,0.75,0.25
ICET-Training-No-00677,AlNb3,-0.152904845,0.0,0.25,0.75
ICET-Training-No-00696,AlTi3,-0.2407199225,0.75,0.25,0.0
ICET-Training-No-00697,NbTi3,-0.009154665,0.75,0.0,0.25
ICET-Training-No-00700,AlNbTi2,-0.3208280175,0.5,0.25,0.25
ICET-Training-No-00706,Al3Ti,-0.2470033925,0.25,0.75,0.0
ICET-Training-No-00707,Al2NbTi,-0.2274066975,0.25,0.5,0.25
ICET-Training-No-00710,AlNbTi2,-0.3209504375,0.5,0.25,0.25
ICET-Training-No-00711,Al2NbTi,-0.451982165,0.25,0.5,0.25
ICET-Training-No-00712,AlNb2Ti,-0.2734819175,0.25,0.25,0.5
ICET-Training-No-00725,AlNb2Ti,-0.213650675,0.25,0.25,0.5
ICET-Training-No-00726,Nb3Ti,-0.0002691325,0.25,0.0,0.75
ICET-Training-No-00752,Al3Nb,-0.1500373975,0.0,0.75,0.25
ICET-Training-No-00758,AlNb3,-0.18698031,0.0,0.25,0.75
ICET-Training-No-00791,AlTi4,-0.238084446,0.8,0.2,0.0
ICET-Training-No-00792,NbTi4,-0.009099872,0.8,0.0,0.2
ICET-Training-No-00795,Al2Ti3,-0.228253752,0.6,0.4,0.0
ICET-Training-No-00796,AlNbTi3,-0.178228952,0.6,0.2,0.2
ICET-Training-No-00799,Nb2Ti3,-0.006570824,0.6,0.0,0.4
ICET-Training-No-00805,Al2Ti3,-0.42675356200000003,0.6,0.4,0.0
ICET-Training-No-00806,AlNbTi3,-0.18912800000000002,0.6,0.2,0.2
ICET-Training-No-00809,Al3Ti2,-0.24045467999999998,0.4,0.6,0.0
ICET-Training-No-00810,Al2NbTi2,-0.162524306,0.4,0.4,0.2
ICET-Training-No-00813,Al2NbTi2,-0.36070681800000004,0.4,0.4,0.2
ICET-Training-No-00814,AlNb2Ti2,-0.146885408,0.4,0.2,0.4
ICET-Training-No-00825,Nb2Ti3,-0.015809482,0.6,0.0,0.4
ICET-Training-No-00828,AlNb2Ti2,-0.12588992400000001,0.4,0.2,0.4
ICET-Training-No-00831,Nb3Ti2,-0.001635346,0.4,0.0,0.6
ICET-Training-No-00855,Al3Ti2,-0.41001135800000005,0.4,0.6,0.0
ICET-Training-No-00856,Al2NbTi2,-0.359203916,0.4,0.4,0.2
ICET-Training-No-00859,AlNb2Ti2,-0.16354119,0.4,0.2,0.4
ICET-Training-No-00865,Al2NbTi2,-0.1757929,0.4,0.4,0.2
ICET-Training-No-00868,Al4Ti,-0.26397077599999996,0.2,0.8,0.0
ICET-Training-No-00869,Al3NbTi,-0.176950582,0.2,0.6,0.2
ICET-Training-No-00872,Al3NbTi,-0.33470688800000004,0.2,0.6,0.2
ICET-Training-No-00873,Al2Nb2Ti,-0.140623724,0.2,0.4,0.4
ICET-Training-No-00884,AlNb2Ti2,-0.148686138,0.4,0.2,0.4
ICET-Training-No-00887,Al2Nb2Ti,-0.298821628,0.2,0.4,0.4
ICET-Training-No-00890,Al2Nb2Ti,-0.303352648,0.2,0.4,0.4
ICET-Training-No-00891,AlNb3Ti,-0.136828886,0.2,0.2,0.6
ICET-Training-No-00935,Nb3Ti2,-0.009711986,0.4,0.0,0.6
ICET-Training-No-00941,Al2Nb2Ti,-0.129521588,0.2,0.4,0.4
ICET-Training-No-00944,AlNb3Ti,-0.11862598399999999,0.2,0.2,0.6
ICET-Training-No-00957,Nb4Ti,0.00246614,0.2,0.0,0.8
ICET-Training-No-01031,Al4Nb,-0.19683149,0.0,0.8,0.2
ICET-Training-No-01034,Al3Nb2,-0.12236488999999999,0.0,0.6,0.4
ICET-Training-No-01040,Al3Nb2,-0.245529524,0.0,0.6,0.4
ICET-Training-No-01043,Al2Nb3,-0.11658710400000001,0.0,0.4,0.6
ICET-Training-No-01064,Al2Nb3,-0.255674578,0.0,0.4,0.6
ICET-Training-No-01072,AlNb4,-0.11335189400000001,0.0,0.2,0.8
ICET-Training-No-01163,AlTi4,-0.23702445600000002,0.8,0.2,0.0
ICET-Training-No-01164,NbTi4,-0.04850371,0.8,0.0,0.2
ICET-Training-No-01167,Al2Ti3,-0.33008185,0.6,0.4,0.0
ICET-Training-No-01168,AlNbTi3,-0.201752136,0.6,0.2,0.2
ICET-Training-No-01171,Nb2Ti3,-0.027562198,0.6,0.0,0.4
ICET-Training-No-01177,Al2Ti3,-0.37491633,0.6,0.4,0.0
ICET-Training-No-01178,AlNbTi3,-0.207378566,0.6,0.2,0.2
ICET-Training-No-01181,Al3Ti2,-0.39039895599999996,0.4,0.6,0.0
ICET-Training-No-01182,Al2NbTi2,-0.294078018,0.4,0.4,0.2
ICET-Training-No-01185,Al2NbTi2,-0.335502766,0.4,0.4,0.2
ICET-Training-No-01186,AlNb2Ti2,-0.171584332,0.4,0.2,0.4
ICET-Training-No-01197,Nb2Ti3,-0.026195716,0.6,0.0,0.4
ICET-Training-No-01200,AlNb2Ti2,-0.168444508,0.4,0.2,0.4
ICET-Training-No-01203,Nb3Ti2,-0.01774028,0.4,0.0,0.6
ICET-Training-No-01227,Al3Ti2,-0.46219754799999996,0.4,0.6,0.0
ICET-Training-No-01228,Al2NbTi2,-0.391381916,0.4,0.4,0.2
ICET-Training-No-01231,AlNb2Ti2,-0.177777194,0.4,0.2,0.4
ICET-Training-No-01237,Al2NbTi2,-0.345926318,0.4,0.4,0.2
ICET-Training-No-01240,Al4Ti,-0.25700900400000004,0.2,0.8,0.0
ICET-Training-No-01241,Al3NbTi,-0.347697486,0.2,0.6,0.2
ICET-Training-No-01244,Al3NbTi,-0.39401895200000003,0.2,0.6,0.2
ICET-Training-No-01245,Al2Nb2Ti,-0.296761024,0.2,0.4,0.4
ICET-Training-No-01256,AlNb2Ti2,-0.18290144800000002,0.4,0.2,0.4
ICET-Training-No-01259,Al2Nb2Ti,-0.335434874,0.2,0.4,0.4
ICET-Training-No-01262,Al2Nb2Ti,-0.31230059200000004,0.2,0.4,0.4
ICET-Training-No-01263,AlNb3Ti,-0.138935078,0.2,0.2,0.6
ICET-Training-No-01307,Nb3Ti2,-0.02016933,0.4,0.0,0.6
ICET-Training-No-01313,Al2Nb2Ti,-0.250239774,0.2,0.4,0.4
ICET-Training-No-01316,AlNb3Ti,-0.141482226,0.2,0.2,0.6
ICET-Training-No-01329,Nb4Ti,-0.00820634,0.2,0.0,0.8
ICET-Training-No-01403,Al4Nb,-0.239404904,0.0,0.8,0.2
ICET-Training-No-01406,Al3Nb2,-0.315459502,0.0,0.6,0.4
ICET-Training-No-01412,Al3Nb2,-0.3263545,0.0,0.6,0.4
ICET-Training-No-01415,Al2Nb3,-0.24343727799999998,0.0,0.4,0.6
ICET-Training-No-01436,Al2Nb3,-0.24409610599999998,0.0,0.4,0.6
ICET-Training-No-01444,AlNb4,-0.103681756,0.0,0.2,0.8
ICET-Training-No-01535,AlTi4,-0.21198983600000001,0.8,0.2,0.0
ICET-Training-No-01536,NbTi4,-0.00576703,0.8,0.0,0.2
ICET-Training-No-01539,Al2Ti3,-0.19767547000000002,0.6,0.4,0.0
ICET-Training-No-01540,AlNbTi3,-0.192971798,0.6,0.2,0.2
ICET-Training-No-01543,Nb2Ti3,-0.00743902,0.6,0.0,0.4
ICET-Training-No-01549,Al2Ti3,-0.39103128,0.6,0.4,0.0
ICET-Training-No-01550,AlNbTi3,-0.23238045000000002,0.6,0.2,0.2
ICET-Training-No-01553,Al3Ti2,-0.18630554,0.4,0.6,0.0
ICET-Training-No-01554,Al2NbTi2,-0.177098926,0.4,0.4,0.2
ICET-Training-No-01557,Al2NbTi2,-0.27796496,0.4,0.4,0.2
ICET-Training-No-01558,AlNb2Ti2,-0.18895225200000001,0.4,0.2,0.4
ICET-Training-No-01569,Nb2Ti3,0.005348824,0.6,0.0,0.4
ICET-Training-No-01572,AlNb2Ti2,-0.151481162,0.4,0.2,0.4
ICET-Training-No-01575,Nb3Ti2,-0.002918108,0.4,0.0,0.6
ICET-Training-No-01599,Al3Ti2,-0.409690566,0.4,0.6,0.0
ICET-Training-No-01600,Al2NbTi2,-0.34269690599999997,0.4,0.4,0.2
ICET-Training-No-01603,AlNb2Ti2,-0.248938974,0.4,0.2,0.4
ICET-Training-No-01609,Al2NbTi2,-0.25667315,0.4,0.4,0.2
ICET-Training-No-01612,Al4Ti,-0.150650978,0.2,0.8,0.0
ICET-Training-No-01613,Al3NbTi,-0.10421012,0.2,0.6,0.2
ICET-Training-No-01616,Al3NbTi,-0.335293368,0.2,0.6,0.2
ICET-Training-No-01617,Al2Nb2Ti,-0.21691721199999997,0.2,0.4,0.4
ICET-Training-No-01628,AlNb2Ti2,-0.174448948,0.4,0.2,0.4
ICET-Training-No-01631,Al2Nb2Ti,-0.28723403599999997,0.2,0.4,0.4
ICET-Training-No-01634,Al2Nb2Ti,-0.31364992599999997,0.2,0.4,0.4
ICET-Training-No-01635,AlNb3Ti,-0.19521286799999998,0.2,0.2,0.6
ICET-Training-No-01679,Nb3Ti2,0.015169947999999999,0.4,0.0,0.6
ICET-Training-No-01685,Al2Nb2Ti,-0.126046242,0.2,0.4,0.4
ICET-Training-No-01688,AlNb3Ti,-0.14293514400000001,0.2,0.2,0.6
ICET-Training-No-01701,Nb4Ti,0.010041608,0.2,0.0,0.8
ICET-Training-No-01775,Al4Nb,-0.042826926,0.0,0.8,0.2
ICET-Training-No-01778,Al3Nb2,-0.296842586,0.0,0.6,0.4
ICET-Training-No-01784,Al3Nb2,-0.242771422,0.0,0.6,0.4
ICET-Training-No-01787,Al2Nb3,-0.153576508,0.0,0.4,0.6
ICET-Training-No-01808,Al2Nb3,-0.227256486,0.0,0.4,0.6
ICET-Training-No-01816,AlNb4,-0.15550296800000002,0.0,0.2,0.8
ICET-Training-No-01907,AlTi4,-0.19824133,0.8,0.2,0.0
ICET-Training-No-01908,NbTi4,-0.014693755999999999,0.8,0.0,0.2
ICET-Training-No-01911,Al2Ti3,-0.355649946,0.6,0.4,0.0
ICET-Training-No-01912,AlNbTi3,-0.240914856,0.6,0.2,0.2
ICET-Training-No-01915,Nb2Ti3,-0.02192578,0.6,0.0,0.4
ICET-Training-No-01921,Al3Ti2,-0.41424150400000004,0.4,0.6,0.0
ICET-Training-No-01922,Al2NbTi2,-0.301357242,0.4,0.4,0.2
ICET-Training-No-01925,Al2NbTi2,-0.362337456,0.4,0.4,0.2
ICET-Training-No-01926,AlNb2Ti2,-0.18391706000000002,0.4,0.2,0.4
ICET-Training-No-01937,AlNb2Ti2,-0.188715586,0.4,0.2,0.4
ICET-Training-No-01940,Nb3Ti2,-0.016153396,0.4,0.0,0.6
ICET-Training-No-01961,Al4Ti,-0.27461787800000004,0.2,0.8,0.0
ICET-Training-No-01962,Al3NbTi,-0.396919178,0.2,0.6,0.2
ICET-Training-No-01965,Al2Nb2Ti,-0.320297948,0.2,0.4,0.4
ICET-Training-No-01974,Al2Nb2Ti,-0.325304812,0.2,0.4,0.4
ICET-Training-No-01975,AlNb3Ti,-0.129332294,0.2,0.2,0.6
ICET-Training-No-02007,Nb4Ti,-0.0024971819999999997,0.2,0.0,0.8
ICET-Training-No-02031,Al4Nb,-0.305675382,0.0,0.8,0.2
ICET-Training-No-02034,Al3Nb2,-0.34798071799999997,0.0,0.6,0.4
ICET-Training-No-02040,Al2Nb3,-0.27216857,0.0,0.4,0.6
ICET-Training-No-02058,AlNb4,-0.06862613199999999,0.0,0.2,0.8
ICET-Training-No-02103,AlTi4,-0.187466374,0.8,0.2,0.0
ICET-Training-No-02104,NbTi4,-0.011524969999999999,0.8,0.0,0.2
ICET-Training-No-02107,Al2Ti3,-0.396015126,0.6,0.4,0.0
ICET-Training-No-02108,AlNbTi3,-0.202303208,0.6,0.2,0.2
ICET-Training-No-02111,Nb2Ti3,-0.016862808,0.6,0.0,0.4
ICET-Training-No-02117,Al2Ti3,-0.24229261000000002,0.6,0.4,0.0
ICET-Training-No-02118,AlNbTi3,-0.14804882,0.6,0.2,0.2
ICET-Training-No-02121,Al3Ti2,-0.339697348,0.4,0.6,0.0
ICET-Training-No-02122,Al2NbTi2,-0.340351154,0.4,0.4,0.2
ICET-Training-No-02125,Al2NbTi2,-0.273064354,0.4,0.4,0.2
ICET-Training-No-02126,AlNb2Ti2,-0.126731504,0.4,0.2,0.4
ICET-Training-No-02137,Nb2Ti3,-0.017249642000000003,0.6,0.0,0.4
ICET-Training-No-02140,AlNb2Ti2,-0.18865874600000002,0.4,0.2,0.4
ICET-Training-No-02143,Nb3Ti2,-0.008497722000000001,0.4,0.0,0.6
ICET-Training-No-02167,Al3Ti2,-0.229870202,0.4,0.6,0.0
ICET-Training-No-02168,Al2NbTi2,-0.20064675599999998,0.4,0.4,0.2
ICET-Training-No-02171,AlNb2Ti2,-0.104201248,0.4,0.2,0.4
ICET-Training-No-02177,Al2NbTi2,-0.320132176,0.4,0.4,0.2
ICET-Training-No-02180,Al4Ti,-0.164631154,0.2,0.8,0.0
ICET-Training-No-02181,Al3NbTi,-0.257971272,0.2,0.6,0.2
ICET-Training-No-02184,Al3NbTi,-0.19680082999999998,0.2,0.6,0.2
ICET-Training-No-02185,Al2Nb2Ti,-0.25855766,0.2,0.4,0.4
ICET-Training-No-02196,AlNb2Ti2,-0.15402173400000002,0.4,0.2,0.4
ICET-Training-No-02199,Al2Nb2Ti,-0.219624758,0.2,0.4,0.4
ICET-Training-No-02202,Al2Nb2Ti,-0.14435727,0.2,0.4,0.4
ICET-Training-No-02203,AlNb3Ti,-0.08440715,0.2,0.2,0.6
ICET-Training-No-02247,Nb3Ti2,-0.017650606,0.4,0.0,0.6
ICET-Training-No-02253,Al2Nb2Ti,-0.28805836399999996,0.2,0.4,0.4
ICET-Training-No-02256,AlNb3Ti,-0.126299264,0.2,0.2,0.6
ICET-Training-No-02269,Nb4Ti,6.0698e-05,0.2,0.0,0.8
ICET-Training-No-02343,Al4Nb,-0.08439745600000001,0.0,0.8,0.2
ICET-Training-No-02346,Al3Nb2,-0.19792201599999998,0.0,0.6,0.4
ICET-Training-No-02352,Al3Nb2,-0.17452847,0.0,0.6,0.4
ICET-Training-No-02355,Al2Nb3,-0.204530174,0.0,0.4,0.6
ICET-Training-No-02376,Al2Nb3,-0.154073064,0.0,0.4,0.6
ICET-Training-No-02384,AlNb4,-0.067310678,0.0,0.2,0.8
ICET-Training-No-02475,Al5Ti,-0.21994737333333347,0.1667,0.8333,0.0
ICET-Training-No-02476,Al5Nb,-0.15824354333333326,0.0,0.8333,0.1667
ICET-Training-No-02479,Al4Ti2,-0.23803878499999995,0.3333,0.6667,0.0
ICET-Training-No-02480,Al4NbTi,-0.184267313333334,0.1667,0.6667,0.1667
ICET-Training-No-02483,Al4Nb2,-0.13873009833333447,0.0,0.6667,0.3333
ICET-Training-No-02489,Al4Ti2,-0.3525998249999998,0.3333,0.6667,0.0
ICET-Training-No-02490,Al4NbTi,-0.2958491316666674,0.1667,0.6667,0.1667
ICET-Training-No-02493,Al3Ti3,-0.20373315999999994,0.5,0.5,0.0
ICET-Training-No-02494,Al3NbTi2,-0.15385392166666753,0.3333,0.5,0.1667
ICET-Training-No-02497,Al3NbTi2,-0.15410054000000054,0.3333,0.5,0.1667
ICET-Training-No-02498,Al3Nb2Ti,-0.11681440999999992,0.1667,0.5,0.3333
ICET-Training-No-02583,Al2Nb2Ti2,-0.14479594666666648,0.3333,0.3333,0.3333
ICET-Training-No-02584,Al2Nb3Ti,-0.11865277333333424,0.1667,0.3333,0.5
ICET-Training-No-02660,Al2Nb4,-0.09610990500000109,0.0,0.3333,0.6667
ICET-Training-No-02764,Al3Nb2Ti,-0.3973327583333332,0.1667,0.5,0.3333
ICET-Training-No-02810,AlNbTi4,-0.16825105500000012,0.6667,0.1667,0.1667
ICET-Training-No-02829,AlNb2Ti3,-0.14735257833333293,0.5,0.1667,0.3333
ICET-Training-No-02899,AlNb2Ti3,-0.14249434333333375,0.5,0.1667,0.3333
ICET-Training-No-02900,AlNb3Ti2,-0.120124524999999,0.3333,0.1667,0.5
ICET-Training-No-02914,AlNb3Ti2,-0.12280968999999924,0.3333,0.1667,0.5
ICET-Training-No-02917,AlNb3Ti2,-0.1351179716666664,0.3333,0.1667,0.5
ICET-Training-No-02918,AlNb4Ti,-0.11163022500000015,0.1667,0.1667,0.6667
ICET-Training-No-03124,Al2Nb4,-0.19820968666666752,0.0,0.3333,0.6667
ICET-Training-No-03148,AlNb2Ti3,-0.10496981166666686,0.5,0.1667,0.3333
ICET-Training-No-03151,AlNb3Ti2,-0.10032852666666632,0.3333,0.1667,0.5
ICET-Training-No-03162,AlNb3Ti2,-0.10558018166666609,0.3333,0.1667,0.5
ICET-Training-No-03165,AlNb4Ti,-0.09824606999999948,0.1667,0.1667,0.6667
ICET-Training-No-03209,AlNb4Ti,-0.0967209466666669,0.1667,0.1667,0.6667
ICET-Training-No-03222,AlNb5,-0.08835410999999975,0.0,0.1667,0.8333
ICET-Training-No-03531,NbTi5,-0.005487338333332777,0.8333,0.0,0.1667
ICET-Training-No-03534,Nb2Ti4,-0.003780050000000775,0.6667,0.0,0.3333
ICET-Training-No-03540,Nb2Ti4,-0.011861163333333499,0.6667,0.0,0.3333
ICET-Training-No-03543,Nb3Ti3,-0.0016156083333325928,0.5,0.0,0.5
ICET-Training-No-03566,Nb3Ti3,-0.010831553333332522,0.5,0.0,0.5
ICET-Training-No-03577,Nb4Ti2,0.00041712166666603895,0.3333,0.0,0.6667
ICET-Training-No-03641,Nb4Ti2,-0.008038455000000036,0.3333,0.0,0.6667
ICET-Training-No-03669,Nb5Ti,0.0028133033333332946,0.1667,0.0,0.8333
ICET-Training-No-03936,Al5Nb,-0.17195403166666642,0.0,0.8333,0.1667
ICET-Training-No-03954,Al3NbTi2,-0.288101038333334,0.3333,0.5,0.1667
ICET-Training-No-03972,Al3Nb2Ti,-0.23010800000000012,0.1667,0.5,0.3333
ICET-Training-No-03975,Al3Nb3,-0.23425245833333364,0.0,0.5,0.5
ICET-Training-No-03999,Al4NbTi,-0.33557641833333324,0.1667,0.6667,0.1667
ICET-Training-No-04002,Al3Ti3,-0.42036901333333293,0.5,0.5,0.0
ICET-Training-No-04006,Al3NbTi2,-0.3879656183333336,0.3333,0.5,0.1667
ICET-Training-No-04021,Al2Ti4,-0.344929033333333,0.6667,0.3333,0.0
ICET-Training-No-04022,Al2NbTi3,-0.2949599883333344,0.5,0.3333,0.1667
ICET-Training-No-04025,Al2NbTi3,-0.3017517966666669,0.5,0.3333,0.1667
ICET-Training-No-04043,Al2Nb2Ti2,-0.2771665900000002,0.3333,0.3333,0.3333
ICET-Training-No-04044,Al2Nb3Ti,-0.23517757333333358,0.1667,0.3333,0.5
ICET-Training-No-04090,Al3Nb2Ti,-0.3237239866666665,0.1667,0.5,0.3333
ICET-Training-No-04093,Al3Nb3,-0.2946866583333332,0.0,0.5,0.5
ICET-Training-No-04104,Al2Nb2Ti2,-0.26080143833333364,0.3333,0.3333,0.3333
ICET-Training-No-04107,Al2Nb3Ti,-0.2305771183333339,0.1667,0.3333,0.5
ICET-Training-No-04120,Al2Nb4,-0.2033937700000005,0.0,0.3333,0.6667
ICET-Training-No-04208,Al2Ti4,-0.3647018666666675,0.6667,0.3333,0.0
ICET-Training-No-04212,Al2NbTi3,-0.3579221316666678,0.5,0.3333,0.1667
ICET-Training-No-04230,Al2Nb3Ti,-0.22907240333333334,0.1667,0.3333,0.5
ICET-Training-No-04254,Al2NbTi3,-0.35142072500000054,0.5,0.3333,0.1667
ICET-Training-No-04257,Al2Nb2Ti2,-0.30362887166666636,0.3333,0.3333,0.3333
ICET-Training-No-04266,AlTi5,-0.16510376333333218,0.8333,0.1667,0.0
ICET-Training-No-04267,AlNbTi4,-0.20473356666666595,0.6667,0.1667,0.1667
ICET-Training-No-04270,AlNbTi4,-0.16685462999999956,0.6667,0.1667,0.1667
ICET-Training-No-04271,AlNb2Ti3,-0.14914075500000004,0.5,0.1667,0.3333
ICET-Training-No-04282,Al2Nb2Ti2,-0.25859190000000015,0.3333,0.3333,0.3333
ICET-Training-No-04285,AlNbTi4,-0.1666991066666661,0.6667,0.1667,0.1667
ICET-Training-No-04286,AlNb2Ti3,-0.1432496883333331,0.5,0.1667,0.3333
ICET-Training-No-04289,AlNb2Ti3,-0.16108765333333372,0.5,0.1667,0.3333
ICET-Training-No-04290,AlNb3Ti2,-0.12796761666666612,0.3333,0.1667,0.5
ICET-Training-No-04342,Al2Nb3Ti,-0.2504088900000004,0.1667,0.3333,0.5
ICET-Training-No-04353,Al2Nb2Ti2,-0.31406444833333325,0.3333,0.3333,0.3333
ICET-Training-No-04356,AlNb2Ti3,-0.14396942666666726,0.5,0.1667,0.3333
ICET-Training-No-04359,AlNb2Ti3,-0.15106594166666673,0.5,0.1667,0.3333
ICET-Training-No-04360,AlNb3Ti2,-0.12980400166666564,0.3333,0.1667,0.5
ICET-Training-No-04374,AlNb3Ti2,-0.13579147833333258,0.3333,0.1667,0.5
ICET-Training-No-04377,AlNb3Ti2,-0.13868041666666642,0.3333,0.1667,0.5
ICET-Training-No-04378,AlNb4Ti,-0.1139363900000004,0.1667,0.1667,0.6667
ICET-Training-No-04581,Al2Nb3Ti,-0.2260717716666676,0.1667,0.3333,0.5
ICET-Training-No-04584,Al2Nb4,-0.18734838333333434,0.0,0.3333,0.6667
ICET-Training-No-04608,AlNb2Ti3,-0.12164439500000057,0.5,0.1667,0.3333
ICET-Training-No-04611,AlNb3Ti2,-0.11346105666666635,0.3333,0.1667,0.5
ICET-Training-No-04622,AlNb3Ti2,-0.11752978333333293,0.3333,0.1667,0.5
ICET-Training-No-04625,AlNb4Ti,-0.10315044499999952,0.1667,0.1667,0.6667
ICET-Training-No-04669,AlNb4Ti,-0.09589504166666647,0.1667,0.1667,0.6667
ICET-Training-No-04682,AlNb5,-0.07782199999999999,0.0,0.1667,0.8333
ICET-Training-No-04991,NbTi5,-0.0342485150000004,0.8333,0.0,0.1667
ICET-Training-No-04994,Nb2Ti4,-0.05701436333333376,0.6667,0.0,0.3333
ICET-Training-No-05000,Nb2Ti4,-0.032524626666667444,0.6667,0.0,0.3333
ICET-Training-No-05003,Nb3Ti3,-0.018739108333332883,0.5,0.0,0.5
ICET-Training-No-05026,Nb3Ti3,-0.028659476666666944,0.5,0.0,0.5
ICET-Training-No-05037,Nb4Ti2,-0.01529857166666678,0.3333,0.0,0.6667
ICET-Training-No-05101,Nb4Ti2,-0.011891855000000598,0.3333,0.0,0.6667
ICET-Training-No-05129,Nb5Ti,-0.005343706666666985,0.1667,0.0,0.8333
ICET-Training-No-05395,Al5Ti,-0.23860830500000021,0.1667,0.8333,0.0
ICET-Training-No-05435,Al3Nb3,-0.3355879516666664,0.0,0.5,0.5
ICET-Training-No-05486,Al2Nb2Ti2,-0.28612530833333355,0.3333,0.3333,0.3333
ICET-Training-No-05567,Al2Nb3Ti,-0.24634038166666747,0.1667,0.3333,0.5
ICET-Training-No-05580,Al2Nb4,-0.2035629383333344,0.0,0.3333,0.6667
ICET-Training-No-05668,Al2Ti4,-0.3713196650000003,0.6667,0.3333,0.0
ICET-Training-No-05672,Al2NbTi3,-0.33257454666666675,0.5,0.3333,0.1667
ICET-Training-No-05726,AlTi5,-0.18412504833333307,0.8333,0.1667,0.0
ICET-Training-No-05727,AlNbTi4,-0.17877501999999978,0.6667,0.1667,0.1667
ICET-Training-No-05730,AlNbTi4,-0.1972210833333333,0.6667,0.1667,0.1667
ICET-Training-No-05731,AlNb2Ti3,-0.173816675,0.5,0.1667,0.3333
ICET-Training-No-05746,AlNb2Ti3,-0.15674051166666678,0.5,0.1667,0.3333
ICET-Training-No-05749,AlNb2Ti3,-0.17251497833333337,0.5,0.1667,0.3333
ICET-Training-No-05750,AlNb3Ti2,-0.15016136166666647,0.3333,0.1667,0.5
ICET-Training-No-05819,AlNb2Ti3,-0.1695062166666664,0.5,0.1667,0.3333
ICET-Training-No-05820,AlNb3Ti2,-0.14680337833333232,0.3333,0.1667,0.5
ICET-Training-No-05834,AlNb3Ti2,-0.13872617666666662,0.3333,0.1667,0.5
ICET-Training-No-05837,AlNb3Ti2,-0.14897577999999947,0.3333,0.1667,0.5
ICET-Training-No-05838,AlNb4Ti,-0.1201286166666667,0.1667,0.1667,0.6667
ICET-Training-No-06044,Al2Nb4,-0.20888628166666715,0.0,0.3333,0.6667
ICET-Training-No-06068,AlNb2Ti3,-0.1590288683333334,0.5,0.1667,0.3333
ICET-Training-No-06071,AlNb3Ti2,-0.1438436733333326,0.3333,0.1667,0.5
ICET-Training-No-06082,AlNb3Ti2,-0.13715769499999908,0.3333,0.1667,0.5
ICET-Training-No-06085,AlNb4Ti,-0.11550327999999983,0.1667,0.1667,0.6667
ICET-Training-No-06129,AlNb4Ti,-0.1284473283333334,0.1667,0.1667,0.6667
ICET-Training-No-06142,AlNb5,-0.09665728833333394,0.0,0.1667,0.8333
ICET-Training-No-06451,NbTi5,-0.049544928333332905,0.8333,0.0,0.1667
ICET-Training-No-06454,Nb2Ti4,-0.03194998999999991,0.6667,0.0,0.3333
ICET-Training-No-06460,Nb2Ti4,-0.021981938333334245,0.6667,0.0,0.3333
ICET-Training-No-06463,Nb3Ti3,-0.023523398333332796,0.5,0.0,0.5
ICET-Training-No-06486,Nb3Ti3,-0.020165133333333547,0.5,0.0,0.5
ICET-Training-No-06497,Nb4Ti2,-0.013686196666666225,0.3333,0.0,0.6667
ICET-Training-No-06561,Nb4Ti2,-0.011292325000000622,0.3333,0.0,0.6667
ICET-Training-No-06589,Nb5Ti,-0.002659691666667167,0.1667,0.0,0.8333
ICET-Training-No-06856,Al5Nb,-0.19510673999999995,0.0,0.8333,0.1667
ICET-Training-No-06869,Al4Ti2,-0.35252452499999976,0.3333,0.6667,0.0
ICET-Training-No-06873,Al3Ti3,-0.27468854833333367,0.5,0.5,0.0
ICET-Training-No-06877,Al3NbTi2,-0.30403661499999995,0.3333,0.5,0.1667
ICET-Training-No-06889,Al4Nb2,-0.24428979166666784,0.0,0.6667,0.3333
ICET-Training-No-06945,Al2NbTi3,-0.183053668333334,0.5,0.3333,0.1667
ICET-Training-No-06946,Al2Nb2Ti2,-0.13377921499999937,0.3333,0.3333,0.3333
ICET-Training-No-06960,Al2Nb2Ti2,-0.12043895499999972,0.3333,0.3333,0.3333
ICET-Training-No-06963,Al2Nb2Ti2,-0.19761575333333306,0.3333,0.3333,0.3333
ICET-Training-No-06964,Al2Nb3Ti,-0.13600579333333349,0.1667,0.3333,0.5
ICET-Training-No-07128,Al2Ti4,-0.3632719616666667,0.6667,0.3333,0.0
ICET-Training-No-07129,Al2NbTi3,-0.28296342166666716,0.5,0.3333,0.1667
ICET-Training-No-07132,Al2NbTi3,-0.3521986633333339,0.5,0.3333,0.1667
ICET-Training-No-07133,Al2Nb2Ti2,-0.31051330833333307,0.3333,0.3333,0.3333
ICET-Training-No-07150,Al2Nb3Ti,-0.2637281216666665,0.1667,0.3333,0.5
ICET-Training-No-07174,Al2NbTi3,-0.3073041166666677,0.5,0.3333,0.1667
ICET-Training-No-07186,AlTi5,-0.18068804999999935,0.8333,0.1667,0.0
ICET-Training-No-07190,AlNbTi4,-0.18928614499999932,0.6667,0.1667,0.1667
ICET-Training-No-07191,AlNb2Ti3,-0.14945279666666642,0.5,0.1667,0.3333
ICET-Training-No-07205,AlNbTi4,-0.1919906566666659,0.6667,0.1667,0.1667
ICET-Training-No-07209,AlNb2Ti3,-0.19971144166666713,0.5,0.1667,0.3333
ICET-Training-No-07210,AlNb3Ti2,-0.15017055166666657,0.3333,0.1667,0.5
ICET-Training-No-07262,Al2Nb3Ti,-0.23681137333333405,0.1667,0.3333,0.5
ICET-Training-No-07273,Al2Nb2Ti2,-0.27980912166666627,0.3333,0.3333,0.3333
ICET-Training-No-07276,AlNb2Ti3,-0.15164832166666642,0.5,0.1667,0.3333
ICET-Training-No-07279,AlNb2Ti3,-0.17985285333333323,0.5,0.1667,0.3333
ICET-Training-No-07280,AlNb3Ti2,-0.1471102749999993,0.3333,0.1667,0.5
ICET-Training-No-07294,AlNb3Ti2,-0.15573598999999896,0.3333,0.1667,0.5
ICET-Training-No-07297,AlNb3Ti2,-0.1987088116666662,0.3333,0.1667,0.5
ICET-Training-No-07298,AlNb4Ti,-0.16511835666666622,0.1667,0.1667,0.6667
ICET-Training-No-07504,Al2Nb4,-0.19397981500000108,0.0,0.3333,0.6667
ICET-Training-No-07545,AlNb4Ti,-0.12356962666666622,0.1667,0.1667,0.6667
ICET-Training-No-07602,AlNb5,-0.13624069166666666,0.0,0.1667,0.8333
ICET-Training-No-07911,NbTi5,-0.007185306666666946,0.8333,0.0,0.1667
ICET-Training-No-07914,Nb2Ti4,-0.004870153333333367,0.6667,0.0,0.3333
ICET-Training-No-07920,Nb2Ti4,0.002087043333332872,0.6667,0.0,0.3333
ICET-Training-No-07923,Nb3Ti3,0.0033437983333340546,0.5,0.0,0.5
ICET-Training-No-07946,Nb3Ti3,-0.0024085549999999976,0.5,0.0,0.5
ICET-Training-No-07957,Nb4Ti2,-0.0015355116666668778,0.3333,0.0,0.6667
ICET-Training-No-08315,Al5Ti,-0.23889207166666657,0.1667,0.8333,0.0
ICET-Training-No-08316,Al5Nb,-0.2574151849999999,0.0,0.8333,0.1667
ICET-Training-No-08349,Al4Nb2,-0.42060621166666695,0.0,0.6667,0.3333
ICET-Training-No-08423,Al2Nb2Ti2,-0.3052958916666668,0.3333,0.3333,0.3333
ICET-Training-No-08604,Al3Nb2Ti,-0.4173973399999997,0.1667,0.5,0.3333
ICET-Training-No-08643,Al2NbTi3,-0.3522293450000002,0.5,0.3333,0.1667
ICET-Training-No-08646,AlTi5,-0.19115351333333308,0.8333,0.1667,0.0
ICET-Training-No-08665,AlNbTi4,-0.2348485733333329,0.6667,0.1667,0.1667
ICET-Training-No-08757,AlNb3Ti2,-0.18486651833333312,0.3333,0.1667,0.5
ICET-Training-No-08964,Al2Nb4,-0.22423127166666745,0.0,0.3333,0.6667
ICET-Training-No-08991,AlNb3Ti2,-0.12830706833333258,0.3333,0.1667,0.5
ICET-Training-No-09062,AlNb5,-0.0735802500000003,0.0,0.1667,0.8333
ICET-Training-No-09371,NbTi5,-0.016556691666667216,0.8333,0.0,0.1667
ICET-Training-No-09374,Nb2Ti4,-0.03039638999999994,0.6667,0.0,0.3333
ICET-Training-No-09380,Nb2Ti4,-0.01805818833333343,0.6667,0.0,0.3333
ICET-Training-No-09383,Nb3Ti3,-0.01828486333333264,0.5,0.0,0.5
ICET-Training-No-09406,Nb3Ti3,-0.010703753333333546,0.5,0.0,0.5
ICET-Training-No-09417,Nb4Ti2,-0.007148385000000701,0.3333,0.0,0.6667
ICET-Training-No-09481,Nb4Ti2,-0.008308976666666487,0.3333,0.0,0.6667
ICET-Training-No-09509,Nb5Ti,0.0017762299999996383,0.1667,0.0,0.8333
ICET-Training-No-09775,Al5Ti,-0.18083425666666683,0.1667,0.8333,0.0
ICET-Training-No-09776,Al5Nb,-0.23286380499999973,0.0,0.8333,0.1667
ICET-Training-No-09783,Al4Nb2,-0.39467433166666765,0.0,0.6667,0.3333
ICET-Training-No-09789,Al4Ti2,-0.31338311999999985,0.3333,0.6667,0.0
ICET-Training-No-09790,Al4NbTi,-0.24742056166666634,0.1667,0.6667,0.1667
ICET-Training-No-09793,Al3Ti3,-0.4209951433333335,0.5,0.5,0.0
ICET-Training-No-09809,Al4Nb2,-0.17407597500000094,0.0,0.6667,0.3333
ICET-Training-No-09815,Al3Nb3,-0.322108868333333,0.0,0.5,0.5
ICET-Training-No-09861,Al2Ti4,-0.2723825533333333,0.6667,0.3333,0.0
ICET-Training-No-09960,Al2Nb4,-0.21446794166666786,0.0,0.3333,0.6667
ICET-Training-No-10045,Al3NbTi2,-0.47046541333333397,0.3333,0.5,0.1667
ICET-Training-No-10048,Al2Ti4,-0.36112652666666634,0.6667,0.3333,0.0
ICET-Training-No-10052,Al2NbTi3,-0.39758282666666744,0.5,0.3333,0.1667
ICET-Training-No-10070,Al2Nb3Ti,-0.30019815833333396,0.1667,0.3333,0.5
ICET-Training-No-10103,Al2NbTi3,-0.3653815316666673,0.5,0.3333,0.1667
ICET-Training-No-10106,AlTi5,-0.17477499833333235,0.8333,0.1667,0.0
ICET-Training-No-10107,AlNbTi4,-0.23327930999999916,0.6667,0.1667,0.1667
ICET-Training-No-10110,AlNbTi4,-0.22801389833333255,0.6667,0.1667,0.1667
ICET-Training-No-10111,AlNb2Ti3,-0.19819375833333316,0.5,0.1667,0.3333
ICET-Training-No-10193,Al2Nb2Ti2,-0.3625801133333333,0.3333,0.3333,0.3333
ICET-Training-No-10199,AlNb2Ti3,-0.1984797433333334,0.5,0.1667,0.3333
ICET-Training-No-10200,AlNb3Ti2,-0.18572849999999974,0.3333,0.1667,0.5
ICET-Training-No-10211,Al2Nb3Ti,-0.31186405666666656,0.1667,0.3333,0.5
ICET-Training-No-10214,AlNb3Ti2,-0.1374762099999991,0.3333,0.1667,0.5
ICET-Training-No-10217,AlNb3Ti2,-0.17148063999999982,0.3333,0.1667,0.5
ICET-Training-No-10218,AlNb4Ti,-0.14224789666666618,0.1667,0.1667,0.6667
ICET-Training-No-10424,Al2Nb4,-0.2512815050000003,0.0,0.3333,0.6667
ICET-Training-No-10448,AlNb2Ti3,-0.21834515666666712,0.5,0.1667,0.3333
ICET-Training-No-10462,AlNb3Ti2,-0.15833157666666628,0.3333,0.1667,0.5
ICET-Training-No-10509,AlNb4Ti,-0.17075499666666616,0.1667,0.1667,0.6667
ICET-Training-No-10522,AlNb5,-0.11694249000000075,0.0,0.1667,0.8333
ICET-Training-No-10831,NbTi5,-0.014111765000000295,0.8333,0.0,0.1667
ICET-Training-No-10834,Nb2Ti4,-0.02352021000000093,0.6667,0.0,0.3333
ICET-Training-No-10840,Nb2Ti4,-0.0052365250000008245,0.6667,0.0,0.3333
ICET-Training-No-10843,Nb3Ti3,-0.018278841666666306,0.5,0.0,0.5
ICET-Training-No-10866,Nb3Ti3,-0.014657883333332697,0.5,0.0,0.5
ICET-Training-No-10877,Nb4Ti2,-0.01464426833333358,0.3333,0.0,0.6667
ICET-Training-No-10941,Nb4Ti2,0.0024769499999995523,0.3333,0.0,0.6667
ICET-Training-No-10969,Nb5Ti,-0.0002071200000000791,0.1667,0.0,0.8333
ICET-Training-No-11235,Al5Ti,-0.2768888633333333,0.1667,0.8333,0.0
ICET-Training-No-11236,Al5Nb,-0.26816939666666667,0.0,0.8333,0.1667
ICET-Training-No-11243,Al4Nb2,-0.28564266833333346,0.0,0.6667,0.3333
ICET-Training-No-11249,Al4Ti2,-0.4988991933333331,0.3333,0.6667,0.0
ICET-Training-No-11250,Al4NbTi,-0.3395295300000001,0.1667,0.6667,0.1667
ICET-Training-No-11253,Al3Ti3,-0.40653736666666634,0.5,0.5,0.0
ICET-Training-No-11254,Al3NbTi2,-0.36686980833333394,0.3333,0.5,0.1667
ICET-Training-No-11269,Al4Nb2,-0.28990801166666696,0.0,0.6667,0.3333
ICET-Training-No-11272,Al3Nb2Ti,-0.3218171966666669,0.1667,0.5,0.3333
ICET-Training-No-11299,Al4NbTi,-0.33992261833333376,0.1667,0.6667,0.1667
ICET-Training-No-11302,Al3Ti3,-0.39368930833333354,0.5,0.5,0.0
ICET-Training-No-11306,Al3NbTi2,-0.38827548500000003,0.3333,0.5,0.1667
ICET-Training-No-11307,Al3Nb2Ti,-0.25091771499999993,0.1667,0.5,0.3333
ICET-Training-No-11318,Al3NbTi2,-0.314195225,0.3333,0.5,0.1667
ICET-Training-No-11321,Al2Ti4,-0.36739906333333394,0.6667,0.3333,0.0
ICET-Training-No-11322,Al2NbTi3,-0.3246406800000005,0.5,0.3333,0.1667
ICET-Training-No-11325,Al2NbTi3,-0.312179618333334,0.5,0.3333,0.1667
ICET-Training-No-11326,Al2Nb2Ti2,-0.26301398499999945,0.3333,0.3333,0.3333
ICET-Training-No-11340,Al2Nb2Ti2,-0.2679978783333337,0.3333,0.3333,0.3333
ICET-Training-No-11343,Al2Nb2Ti2,-0.25957979833333295,0.3333,0.3333,0.3333
ICET-Training-No-11344,Al2Nb3Ti,-0.22344756833333315,0.1667,0.3333,0.5
ICET-Training-No-11390,Al3Nb2Ti,-0.27012759000000014,0.1667,0.5,0.3333
ICET-Training-No-11393,Al3Nb3,-0.21674309333333378,0.0,0.5,0.5
ICET-Training-No-11404,Al2Nb2Ti2,-0.2660877233333328,0.3333,0.3333,0.3333
ICET-Training-No-11407,Al2Nb3Ti,-0.2158936966666675,0.1667,0.3333,0.5
ICET-Training-No-11420,Al2Nb4,-0.17542614500000062,0.0,0.3333,0.6667
ICET-Training-No-11509,Al2NbTi3,-0.33922743500000035,0.5,0.3333,0.1667
ICET-Training-No-11530,Al2Nb3Ti,-0.2689983233333339,0.1667,0.3333,0.5
ICET-Training-No-11554,Al2NbTi3,-0.25393468666666763,0.5,0.3333,0.1667
ICET-Training-No-11557,Al2Nb2Ti2,-0.21047445666666675,0.3333,0.3333,0.3333
ICET-Training-No-11566,AlTi5,-0.15352008833333267,0.8333,0.1667,0.0
ICET-Training-No-11567,AlNbTi4,-0.20212855666666604,0.6667,0.1667,0.1667
ICET-Training-No-11570,AlNbTi4,-0.14484876166666658,0.6667,0.1667,0.1667
ICET-Training-No-11571,AlNb2Ti3,-0.13494847666666723,0.5,0.1667,0.3333
ICET-Training-No-11586,AlNb2Ti3,-0.2032321416666664,0.5,0.1667,0.3333
ICET-Training-No-11589,AlNb2Ti3,-0.1302610933333336,0.5,0.1667,0.3333
ICET-Training-No-11590,AlNb3Ti2,-0.10871309999999923,0.3333,0.1667,0.5
ICET-Training-No-11641,Al2Nb2Ti2,-0.21228968499999942,0.3333,0.3333,0.3333
ICET-Training-No-11642,Al2Nb3Ti,-0.1856799450000004,0.1667,0.3333,0.5
ICET-Training-No-11653,Al2Nb2Ti2,-0.31663499166666637,0.3333,0.3333,0.3333
ICET-Training-No-11656,AlNb2Ti3,-0.15591004666666683,0.5,0.1667,0.3333
ICET-Training-No-11659,AlNb2Ti3,-0.13049752833333392,0.5,0.1667,0.3333
ICET-Training-No-11660,AlNb3Ti2,-0.1169352083333332,0.3333,0.1667,0.5
ICET-Training-No-11671,Al2Nb3Ti,-0.31940769000000085,0.1667,0.3333,0.5
ICET-Training-No-11674,AlNb3Ti2,-0.1078434683333332,0.3333,0.1667,0.5
ICET-Training-No-11677,AlNb3Ti2,-0.11194986833333331,0.3333,0.1667,0.5
ICET-Training-No-11678,AlNb4Ti,-0.08549188666666652,0.1667,0.1667,0.6667
ICET-Training-No-11881,Al2Nb3Ti,-0.2502069500000002,0.1667,0.3333,0.5
ICET-Training-No-11884,Al2Nb4,-0.1623226716666674,0.0,0.3333,0.6667
ICET-Training-No-11911,AlNb3Ti2,-0.13171227333333255,0.3333,0.1667,0.5
ICET-Training-No-11922,AlNb3Ti2,-0.13883101666666656,0.3333,0.1667,0.5
ICET-Training-No-11925,AlNb4Ti,-0.10071592166666694,0.1667,0.1667,0.6667
ICET-Training-No-11969,AlNb4Ti,-0.10811682333333295,0.1667,0.1667,0.6667
ICET-Training-No-11982,AlNb5,-0.07348571333333354,0.0,0.1667,0.8333
ICET-Training-No-12291,NbTi5,-0.015484948333333174,0.8333,0.0,0.1667
ICET-Training-No-12294,Nb2Ti4,-0.026148583333333402,0.6667,0.0,0.3333
ICET-Training-No-12300,Nb2Ti4,-0.026054671666667417,0.6667,0.0,0.3333
ICET-Training-No-12303,Nb3Ti3,-0.01652804333333317,0.5,0.0,0.5
ICET-Training-No-12326,Nb3Ti3,-0.030277863333333006,0.5,0.0,0.5
ICET-Training-No-12337,Nb4Ti2,-0.010980716666666742,0.3333,0.0,0.6667
ICET-Training-No-12401,Nb4Ti2,-0.013332725000000304,0.3333,0.0,0.6667
ICET-Training-No-12429,Nb5Ti,0.0005682983333331985,0.1667,0.0,0.8333
ICET-Training-No-12695,Al5Ti,-0.21373993333333333,0.1667,0.8333,0.0
ICET-Training-No-12696,Al5Nb,-0.13559172000000017,0.0,0.8333,0.1667
ICET-Training-No-12699,Al4Ti2,-0.26259143333333296,0.3333,0.6667,0.0
ICET-Training-No-12700,Al4NbTi,-0.2475655666666666,0.1667,0.6667,0.1667
ICET-Training-No-12703,Al4Nb2,-0.22395535500000108,0.0,0.6667,0.3333
ICET-Training-No-12709,Al4Ti2,-0.22909331333333327,0.3333,0.6667,0.0
ICET-Training-No-12710,Al4NbTi,-0.1615964450000007,0.1667,0.6667,0.1667
ICET-Training-No-12713,Al3Ti3,-0.3662929150000001,0.5,0.5,0.0
ICET-Training-No-12714,Al3NbTi2,-0.29697934333333365,0.3333,0.5,0.1667
ICET-Training-No-12717,Al3NbTi2,-0.35310469666666694,0.3333,0.5,0.1667
ICET-Training-No-12718,Al3Nb2Ti,-0.28142068499999934,0.1667,0.5,0.3333
ICET-Training-No-12729,Al4Nb2,-0.09070909166666752,0.0,0.6667,0.3333
ICET-Training-No-12732,Al3Nb2Ti,-0.22864589333333285,0.1667,0.5,0.3333
ICET-Training-No-12735,Al3Nb3,-0.19154497666666734,0.0,0.5,0.5
ICET-Training-No-12759,Al4NbTi,-0.3297207499999999,0.1667,0.6667,0.1667
ICET-Training-No-12762,Al3Ti3,-0.2968194599999994,0.5,0.5,0.0
ICET-Training-No-12763,Al3NbTi2,-0.31444772333333404,0.3333,0.5,0.1667
ICET-Training-No-12766,Al3NbTi2,-0.24688279500000002,0.3333,0.5,0.1667
ICET-Training-No-12767,Al3Nb2Ti,-0.26282005999999924,0.1667,0.5,0.3333
ICET-Training-No-12778,Al3NbTi2,-0.31448993833333344,0.3333,0.5,0.1667
ICET-Training-No-12781,Al2Ti4,-0.22265900000000016,0.6667,0.3333,0.0
ICET-Training-No-12782,Al2NbTi3,-0.4099604100000012,0.5,0.3333,0.1667
ICET-Training-No-12785,Al2NbTi3,-0.22024954166666788,0.5,0.3333,0.1667
ICET-Training-No-12786,Al2Nb2Ti2,-0.18186529833333273,0.3333,0.3333,0.3333
ICET-Training-No-12797,Al3Nb2Ti,-0.18508623333333318,0.1667,0.5,0.3333
ICET-Training-No-12800,Al2Nb2Ti2,-0.1731034099999995,0.3333,0.3333,0.3333
ICET-Training-No-12803,Al2Nb2Ti2,-0.1844253516666671,0.3333,0.3333,0.3333
ICET-Training-No-12804,Al2Nb3Ti,-0.13816272500000082,0.1667,0.3333,0.5
ICET-Training-No-12850,Al3Nb2Ti,-0.25231163166666687,0.1667,0.5,0.3333
ICET-Training-No-12853,Al3Nb3,-0.20004892499999963,0.0,0.5,0.5
ICET-Training-No-12864,Al2Nb2Ti2,-0.15777568499999953,0.3333,0.3333,0.3333
ICET-Training-No-12867,Al2Nb3Ti,-0.1335175400000009,0.1667,0.3333,0.5
ICET-Training-No-12880,Al2Nb4,-0.09715761333333361,0.0,0.3333,0.6667
ICET-Training-No-12968,Al2Ti4,-0.4126843683333341,0.6667,0.3333,0.0
ICET-Training-No-12969,Al2NbTi3,-0.3665231383333338,0.5,0.3333,0.1667
ICET-Training-No-12972,Al2NbTi3,-0.40994858666666784,0.5,0.3333,0.1667
ICET-Training-No-12973,Al2Nb2Ti2,-0.3612887583333328,0.3333,0.3333,0.3333
ICET-Training-No-12987,Al2Nb2Ti2,-0.3220234583333337,0.3333,0.3333,0.3333
ICET-Training-No-12990,Al2Nb3Ti,-0.2903168083333334,0.1667,0.3333,0.5
ICET-Training-No-13014,Al2NbTi3,-0.25755527666666705,0.5,0.3333,0.1667
ICET-Training-No-13017,Al2Nb2Ti2,-0.21746432333333368,0.3333,0.3333,0.3333
ICET-Training-No-13023,Al2NbTi3,-0.4100393016666679,0.5,0.3333,0.1667
ICET-Training-No-13026,AlTi5,-0.18430446666666592,0.8333,0.1667,0.0
ICET-Training-No-13030,AlNbTi4,-0.1673542449999997,0.6667,0.1667,0.1667
ICET-Training-No-13031,AlNb2Ti3,-0.1496108066666674,0.5,0.1667,0.3333
ICET-Training-No-13042,Al2Nb2Ti2,-0.36130606000000043,0.3333,0.3333,0.3333
ICET-Training-No-13045,AlNbTi4,-0.1635064100000001,0.6667,0.1667,0.1667
ICET-Training-No-13046,AlNb2Ti3,-0.11148235000000047,0.5,0.1667,0.3333
ICET-Training-No-13049,AlNb2Ti3,-0.1802395533333332,0.5,0.1667,0.3333
ICET-Training-No-13050,AlNb3Ti2,-0.11558848666666559,0.3333,0.1667,0.5
ICET-Training-No-13101,Al2Nb2Ti2,-0.23477346833333357,0.3333,0.3333,0.3333
ICET-Training-No-13102,Al2Nb3Ti,-0.1836484383333333,0.1667,0.3333,0.5
ICET-Training-No-13113,Al2Nb2Ti2,-0.399055088333333,0.3333,0.3333,0.3333
ICET-Training-No-13116,AlNb2Ti3,-0.16970626166666727,0.5,0.1667,0.3333
ICET-Training-No-13119,AlNb2Ti3,-0.2044865799999999,0.5,0.1667,0.3333
ICET-Training-No-13120,AlNb3Ti2,-0.1600459266666666,0.3333,0.1667,0.5
ICET-Training-No-13131,Al2Nb3Ti,-0.31862674999999996,0.1667,0.3333,0.5
ICET-Training-No-13134,AlNb3Ti2,-0.12486847166666593,0.3333,0.1667,0.5
ICET-Training-No-13137,AlNb3Ti2,-0.18244346999999905,0.3333,0.1667,0.5
ICET-Training-No-13138,AlNb4Ti,-0.14459186833333368,0.1667,0.1667,0.6667
ICET-Training-No-13341,Al2Nb3Ti,-0.290278435,0.1667,0.3333,0.5
ICET-Training-No-13344,Al2Nb4,-0.22465093666666766,0.0,0.3333,0.6667
ICET-Training-No-13368,AlNb2Ti3,-0.1015271733333331,0.5,0.1667,0.3333
ICET-Training-No-13371,AlNb3Ti2,-0.11552361666666637,0.3333,0.1667,0.5
ICET-Training-No-13382,AlNb3Ti2,-0.05586899833333329,0.3333,0.1667,0.5
ICET-Training-No-13385,AlNb4Ti,-0.07757370999999935,0.1667,0.1667,0.6667
ICET-Training-No-13429,AlNb4Ti,-0.13130835833333285,0.1667,0.1667,0.6667
ICET-Training-No-13442,AlNb5,-0.10471485333333419,0.0,0.1667,0.8333
ICET-Training-No-13751,NbTi5,-0.016736763333333,0.8333,0.0,0.1667
ICET-Training-No-13754,Nb2Ti4,-0.027481673333333845,0.6667,0.0,0.3333
ICET-Training-No-13760,Nb2Ti4,-0.025242773333333208,0.6667,0.0,0.3333
ICET-Training-No-13763,Nb3Ti3,-0.015053943333332617,0.5,0.0,0.5
ICET-Training-No-13786,Nb3Ti3,-0.028173116666666925,0.5,0.0,0.5
ICET-Training-No-13797,Nb4Ti2,-0.019500926666667102,0.3333,0.0,0.6667
ICET-Training-No-13861,Nb4Ti2,0.005887653333333039,0.3333,0.0,0.6667
ICET-Training-No-13889,Nb5Ti,0.002081974999999403,0.1667,0.0,0.8333
ICET-Training-No-14155,Al5Ti,-0.2944527233333331,0.1667,0.8333,0.0
ICET-Training-No-14156,Al5Nb,-0.12720448833333306,0.0,0.8333,0.1667
ICET-Training-No-14159,Al4Ti2,-0.44028806166666595,0.3333,0.6667,0.0
ICET-Training-No-14160,Al4NbTi,-0.41723140166666656,0.1667,0.6667,0.1667
ICET-Training-No-14163,Al4Nb2,-0.14029946000000018,0.0,0.6667,0.3333
ICET-Training-No-14170,Al4NbTi,-0.4736631116666672,0.1667,0.6667,0.1667
ICET-Training-No-14173,Al3Ti3,-0.4625280799999996,0.5,0.5,0.0
ICET-Training-No-14174,Al3NbTi2,-0.42608541166666686,0.3333,0.5,0.1667
ICET-Training-No-14178,Al3Nb2Ti,-0.38690238333333343,0.1667,0.5,0.3333
ICET-Training-No-14189,Al4Nb2,-0.40775288500000073,0.0,0.6667,0.3333
ICET-Training-No-14192,Al3Nb2Ti,-0.37670913499999986,0.1667,0.5,0.3333
ICET-Training-No-14195,Al3Nb3,-0.3221090433333333,0.0,0.5,0.5
ICET-Training-No-14222,Al3Ti3,-0.4519564566666669,0.5,0.5,0.0
ICET-Training-No-14238,Al3NbTi2,-0.4288104083333337,0.3333,0.5,0.1667
ICET-Training-No-14241,Al2Ti4,-0.2752759533333335,0.6667,0.3333,0.0
ICET-Training-No-14242,Al2NbTi3,-0.3688605383333344,0.5,0.3333,0.1667
ICET-Training-No-14245,Al2NbTi3,-0.363789005000001,0.5,0.3333,0.1667
ICET-Training-No-14246,Al2Nb2Ti2,-0.32042547666666604,0.3333,0.3333,0.3333
ICET-Training-No-14263,Al2Nb2Ti2,-0.3221345016666663,0.3333,0.3333,0.3333
ICET-Training-No-14264,Al2Nb3Ti,-0.2641651816666671,0.1667,0.3333,0.5
ICET-Training-No-14324,Al2Nb2Ti2,-0.3095776650000002,0.3333,0.3333,0.3333
ICET-Training-No-14340,Al2Nb4,-0.15856668666666707,0.0,0.3333,0.6667
ICET-Training-No-14450,Al2Nb3Ti,-0.25511995833333384,0.1667,0.3333,0.5
ICET-Training-No-14477,Al2Nb2Ti2,-0.27531684666666695,0.3333,0.3333,0.3333
ICET-Training-No-14486,AlTi5,-0.2625701033333326,0.8333,0.1667,0.0
ICET-Training-No-14487,AlNbTi4,-0.23327720999999949,0.6667,0.1667,0.1667
ICET-Training-No-14490,AlNbTi4,-0.22788939666666627,0.6667,0.1667,0.1667
ICET-Training-No-14509,AlNb2Ti3,-0.20108726666666735,0.5,0.1667,0.3333
ICET-Training-No-14510,AlNb3Ti2,-0.15379400499999937,0.3333,0.1667,0.5
ICET-Training-No-14562,Al2Nb3Ti,-0.23724542833333354,0.1667,0.3333,0.5
ICET-Training-No-14579,AlNb2Ti3,-0.1499317100000006,0.5,0.1667,0.3333
ICET-Training-No-14580,AlNb3Ti2,-0.11205862999999994,0.3333,0.1667,0.5
ICET-Training-No-14597,AlNb3Ti2,-0.15157195999999948,0.3333,0.1667,0.5
ICET-Training-No-14598,AlNb4Ti,-0.0973084816666668,0.1667,0.1667,0.6667
ICET-Training-No-14801,Al2Nb3Ti,-0.2715983383333338,0.1667,0.3333,0.5
ICET-Training-No-14845,AlNb4Ti,-0.09748089500000034,0.1667,0.1667,0.6667
ICET-Training-No-14889,AlNb4Ti,-0.06986702000000022,0.1667,0.1667,0.6667
ICET-Training-No-14902,AlNb5,-0.05104960666666732,0.0,0.1667,0.8333
ICET-Training-No-15211,NbTi5,-0.01569525833333311,0.8333,0.0,0.1667
ICET-Training-No-15214,Nb2Ti4,-0.020310431666666535,0.6667,0.0,0.3333
ICET-Training-No-15220,Nb2Ti4,-0.019783071666667002,0.6667,0.0,0.3333
ICET-Training-No-15223,Nb3Ti3,-0.019934416666666028,0.5,0.0,0.5
ICET-Training-No-15246,Nb3Ti3,-0.011184130000000181,0.5,0.0,0.5
ICET-Training-No-15257,Nb4Ti2,-0.006084228333333404,0.3333,0.0,0.6667
ICET-Training-No-15321,Nb4Ti2,-0.00654647333333358,0.3333,0.0,0.6667
ICET-Training-No-15349,Nb5Ti,0.003721488333332227,0.1667,0.0,0.8333
ICET-Training-No-15615,Al5Ti,-0.29465692166666696,0.1667,0.8333,0.0
ICET-Training-No-15616,Al5Nb,-0.2331948233333332,0.0,0.8333,0.1667
ICET-Training-No-15619,Al4Ti2,-0.4401903916666659,0.3333,0.6667,0.0
ICET-Training-No-15623,Al4Nb2,-0.3946840750000007,0.0,0.6667,0.3333
ICET-Training-No-15633,Al3Ti3,-0.4261033233333329,0.5,0.5,0.0
ICET-Training-No-15634,Al3NbTi2,-0.42587446166666726,0.3333,0.5,0.1667
ICET-Training-No-15649,Al4Nb2,-0.40777348000000063,0.0,0.6667,0.3333
ICET-Training-No-15655,Al3Nb3,-0.32223200166666643,0.0,0.5,0.5
ICET-Training-No-15701,Al2Ti4,-0.40133012833333365,0.6667,0.3333,0.0
ICET-Training-No-15702,Al2NbTi3,-0.3548269183333339,0.5,0.3333,0.1667
ICET-Training-No-15706,Al2Nb2Ti2,-0.3079274100000002,0.3333,0.3333,0.3333
ICET-Training-No-15784,Al2Nb2Ti2,-0.3326614983333336,0.3333,0.3333,0.3333
ICET-Training-No-15787,Al2Nb3Ti,-0.28945775833333326,0.1667,0.3333,0.5
ICET-Training-No-15800,Al2Nb4,-0.2431222383333337,0.0,0.3333,0.6667
ICET-Training-No-15888,Al2Ti4,-0.28086454833333363,0.6667,0.3333,0.0
ICET-Training-No-15904,Al3Nb2Ti,-0.41407810666666595,0.1667,0.5,0.3333
ICET-Training-No-15946,AlTi5,-0.17352425666666585,0.8333,0.1667,0.0
ICET-Training-No-15951,AlNb2Ti3,-0.19812002166666667,0.5,0.1667,0.3333
ICET-Training-No-16040,AlNb3Ti2,-0.1674530599999997,0.3333,0.1667,0.5
ICET-Training-No-16057,AlNb3Ti2,-0.12471525333333251,0.3333,0.1667,0.5
ICET-Training-No-16264,Al2Nb4,-0.2512274200000005,0.0,0.3333,0.6667
ICET-Training-No-16288,AlNb2Ti3,-0.2188288483333333,0.5,0.1667,0.3333
ICET-Training-No-16302,AlNb3Ti2,-0.1729517499999993,0.3333,0.1667,0.5
ICET-Training-No-16305,AlNb4Ti,-0.1321628549999995,0.1667,0.1667,0.6667
ICET-Training-No-16349,AlNb4Ti,-0.15924108333333345,0.1667,0.1667,0.6667
ICET-Training-No-16362,AlNb5,-0.10112676166666645,0.0,0.1667,0.8333
ICET-Training-No-16671,NbTi5,-0.008288748333332782,0.8333,0.0,0.1667
ICET-Training-No-16674,Nb2Ti4,-0.02104254333333344,0.6667,0.0,0.3333
ICET-Training-No-16680,Nb2Ti4,-0.012224393333333694,0.6667,0.0,0.3333
ICET-Training-No-16683,Nb3Ti3,0.007189738333333177,0.5,0.0,0.5
ICET-Training-No-16706,Nb3Ti3,-0.013106238333333428,0.5,0.0,0.5
ICET-Training-No-16717,Nb4Ti2,0.00848930166666643,0.3333,0.0,0.6667
ICET-Training-No-16781,Nb4Ti2,-0.0024025383333328896,0.3333,0.0,0.6667
ICET-Training-No-16809,Nb5Ti,0.0030633233333325904,0.1667,0.0,0.8333
ICET-Training-No-17075,AlTi6,-0.18405331571428515,0.8571,0.1429,0.0
ICET-Training-No-17359,Al3Ti4,-0.4480434528571432,0.5714,0.4286,0.0
ICET-Training-No-18365,Al4Ti3,-0.4351736328571424,0.4286,0.5714,0.0
ICET-Training-No-18366,Al3NbTi3,-0.40553207285714266,0.4286,0.4286,0.1429
ICET-Training-No-18382,Al4NbTi2,-0.3836299600000004,0.2857,0.5714,0.1429
ICET-Training-No-18397,Al3Nb2Ti2,-0.35632640999999915,0.2857,0.4286,0.2857
ICET-Training-No-18400,Al3Nb2Ti2,-0.36386778428571426,0.2857,0.4286,0.2857
ICET-Training-No-18563,Al4NbTi2,-0.38833820428571436,0.2857,0.5714,0.1429
ICET-Training-No-18617,Al6Ti,-0.10331644285714299,0.1429,0.8571,0.0
ICET-Training-No-18711,Al4Nb2Ti,-0.3329517100000002,0.1429,0.5714,0.2857
ICET-Training-No-18957,Al3Nb2Ti2,-0.3556081942857138,0.2857,0.4286,0.2857
ICET-Training-No-19034,Al4Nb2Ti,-0.32313451000000065,0.1429,0.5714,0.2857
ICET-Training-No-19049,Al3Nb3Ti,-0.3115923699999996,0.1429,0.4286,0.4286
ICET-Training-No-19052,Al3Nb3Ti,-0.3134344000000005,0.1429,0.4286,0.4286
ICET-Training-No-19053,Al2Nb4Ti,-0.19038720285714358,0.1429,0.2857,0.5714
ICET-Training-No-19119,Al2Nb4Ti,-0.18547214571428583,0.1429,0.2857,0.5714
ICET-Training-No-19133,Al2Nb4Ti,-0.18743795000000013,0.1429,0.2857,0.5714
ICET-Training-No-19136,Al2Nb4Ti,-0.1947720157142864,0.1429,0.2857,0.5714
ICET-Training-No-20198,Al2Nb4Ti,-0.17771827571428592,0.1429,0.2857,0.5714
ICET-Training-No-20209,Al2Nb4Ti,-0.17895086428571513,0.1429,0.2857,0.5714
ICET-Training-No-21786,Al4Nb3,-0.27010583857142884,0.0,0.5714,0.4286
ICET-Training-No-21789,Al3Nb4,-0.1621923842857151,0.0,0.4286,0.5714
ICET-Training-No-21824,Al3Nb4,-0.1779591942857144,0.0,0.4286,0.5714
ICET-Training-No-22979,Al2Ti5,-0.2974307542857143,0.7143,0.2857,0.0
ICET-Training-No-23033,Al3Ti4,-0.3447068999999995,0.5714,0.4286,0.0
ICET-Training-No-23239,Al3Ti4,-0.3737083614285715,0.5714,0.4286,0.0
ICET-Training-No-23249,Al3Ti4,-0.41180220428571446,0.5714,0.4286,0.0
ICET-Training-No-23253,Al4Ti3,-0.39712281571428526,0.4286,0.5714,0.0
ICET-Training-No-23257,Al3NbTi3,-0.3788943885714287,0.4286,0.4286,0.1429
ICET-Training-No-23332,Al4Ti3,-0.4435451471428564,0.4286,0.5714,0.0
ICET-Training-No-23370,Al4NbTi2,-0.384954698571429,0.2857,0.5714,0.1429
ICET-Training-No-23371,Al3Nb2Ti2,-0.2819689399999997,0.2857,0.4286,0.2857
ICET-Training-No-23448,Al3Nb2Ti2,-0.3288838742857142,0.2857,0.4286,0.2857
ICET-Training-No-24255,Al4Ti3,-0.4802805157142852,0.4286,0.5714,0.0
ICET-Training-No-24256,Al3NbTi3,-0.42231285428571497,0.4286,0.4286,0.1429
ICET-Training-No-24265,Al3NbTi3,-0.35336934428571504,0.4286,0.4286,0.1429
ICET-Training-No-24268,Al5Ti2,-0.33840119714285777,0.2857,0.7143,0.0
ICET-Training-No-24272,Al4NbTi2,-0.4268233942857143,0.2857,0.5714,0.1429
ICET-Training-No-24273,Al3Nb2Ti2,-0.3103005828571424,0.2857,0.4286,0.2857
ICET-Training-No-24287,Al3Nb2Ti2,-0.37712292,0.2857,0.4286,0.2857
ICET-Training-No-24290,Al3Nb2Ti2,-0.3642064542857142,0.2857,0.4286,0.2857
ICET-Training-No-24449,Al5Ti2,-0.35960401000000025,0.2857,0.7143,0.0
ICET-Training-No-24450,Al4NbTi2,-0.403990292857143,0.2857,0.5714,0.1429
ICET-Training-No-24453,Al4NbTi2,-0.446975765714286,0.2857,0.5714,0.1429
ICET-Training-No-24454,Al3Nb2Ti2,-0.3221709671428568,0.2857,0.4286,0.2857
ICET-Training-No-24468,Al3Nb2Ti2,-0.3017303442857135,0.2857,0.4286,0.2857
ICET-Training-No-24507,Al6Ti,-0.1970853585714291,0.1429,0.8571,0.0
ICET-Training-No-24526,Al5NbTi,-0.31677018142857144,0.1429,0.7143,0.1429
ICET-Training-No-24583,Al3Nb2Ti2,-0.28717192714285644,0.2857,0.4286,0.2857
ICET-Training-No-24595,Al3Nb2Ti2,-0.3145987814285708,0.2857,0.4286,0.2857
ICET-Training-No-24598,Al4Nb2Ti,-0.3485860971428575,0.1429,0.5714,0.2857
ICET-Training-No-24601,Al4Nb2Ti,-0.38097874857142855,0.1429,0.5714,0.2857
ICET-Training-No-24602,Al3Nb3Ti,-0.2814736257142861,0.1429,0.4286,0.4286
ICET-Training-No-24616,Al4Nb2Ti,-0.36577051428571494,0.1429,0.5714,0.2857
ICET-Training-No-24617,Al3Nb3Ti,-0.26895749857142853,0.1429,0.4286,0.4286
ICET-Training-No-24620,Al3Nb3Ti,-0.2719157871428572,0.1429,0.4286,0.4286
ICET-Training-No-24621,Al2Nb4Ti,-0.19840731857142963,0.1429,0.2857,0.5714
ICET-Training-No-24847,Al3Nb2Ti2,-0.38683681857142865,0.2857,0.4286,0.2857
ICET-Training-No-24865,Al2Nb3Ti2,-0.22675159714285695,0.2857,0.2857,0.4286
ICET-Training-No-24924,Al4Nb2Ti,-0.37032383428571436,0.1429,0.5714,0.2857
ICET-Training-No-24925,Al3Nb3Ti,-0.2734409428571425,0.1429,0.4286,0.4286
ICET-Training-No-24939,Al3Nb3Ti,-0.3220472328571426,0.1429,0.4286,0.4286
ICET-Training-No-24942,Al3Nb3Ti,-0.31861879428571477,0.1429,0.4286,0.4286
ICET-Training-No-25006,Al3Nb3Ti,-0.2597261985714283,0.1429,0.4286,0.4286
ICET-Training-No-25009,Al2Nb4Ti,-0.17079651428571502,0.1429,0.2857,0.5714
ICET-Training-No-25026,Al2Nb4Ti,-0.20115208714285768,0.1429,0.2857,0.5714
ICET-Training-No-26040,Al3Nb3Ti,-0.24895773285714284,0.1429,0.4286,0.4286
ICET-Training-No-26043,Al2Nb4Ti,-0.18052329857142876,0.1429,0.2857,0.5714
ICET-Training-No-26088,Al2Nb4Ti,-0.19023038428571531,0.1429,0.2857,0.5714
ICET-Training-No-26286,Al2Nb4Ti,-0.1869910400000003,0.1429,0.2857,0.5714
ICET-Training-No-27559,Al6Nb,-0.1561999471428582,0.0,0.8571,0.1429
ICET-Training-No-27592,Al5Nb2,-0.2871736614285721,0.0,0.7143,0.2857
ICET-Training-No-27595,Al4Nb3,-0.28054332714285735,0.0,0.5714,0.4286
ICET-Training-No-27606,Al3Nb4,-0.2064815100000002,0.0,0.4286,0.5714
ICET-Training-No-28859,Al2Ti5,-0.3172039600000005,0.7143,0.2857,0.0
ICET-Training-No-28869,Al3Ti4,-0.3927861000000001,0.5714,0.4286,0.0
ICET-Training-No-28909,Al3Ti4,-0.3024017842857144,0.5714,0.4286,0.0
ICET-Training-No-28922,Al4Ti3,-0.4655623914285708,0.4286,0.5714,0.0
ICET-Training-No-28923,Al3NbTi3,-0.35317923714285776,0.4286,0.4286,0.1429
ICET-Training-No-29069,Al4Ti3,-0.3575712314285714,0.4286,0.5714,0.0
ICET-Training-No-29073,Al3NbTi3,-0.36834433285714346,0.4286,0.4286,0.1429
ICET-Training-No-29121,Al5Ti2,-0.36613947857142953,0.2857,0.7143,0.0
ICET-Training-No-29122,Al4NbTi2,-0.42087854285714293,0.2857,0.5714,0.1429
ICET-Training-No-29125,Al4NbTi2,-0.39818882714285714,0.2857,0.5714,0.1429
ICET-Training-No-29126,Al3Nb2Ti2,-0.32919637571428545,0.2857,0.4286,0.2857
ICET-Training-No-29137,Al4NbTi2,-0.43034807285714294,0.2857,0.5714,0.1429
ICET-Training-No-29141,Al3Nb2Ti2,-0.33121782714285686,0.2857,0.4286,0.2857
ICET-Training-No-29185,Al3Nb2Ti2,-0.2743284300000001,0.2857,0.4286,0.2857
ICET-Training-No-29188,Al3Nb2Ti2,-0.3465504714285714,0.2857,0.4286,0.2857
ICET-Training-No-29189,Al2Nb3Ti2,-0.22570626857142884,0.2857,0.2857,0.4286
ICET-Training-No-29206,Al2Nb3Ti2,-0.21560582714285711,0.2857,0.2857,0.4286
ICET-Training-No-29385,Al3Nb2Ti2,-0.3194349514285711,0.2857,0.4286,0.2857
ICET-Training-No-29713,Al4Nb2Ti,-0.37787805000000063,0.1429,0.5714,0.2857
ICET-Training-No-29722,Al4Nb2Ti,-0.31897819857142906,0.1429,0.5714,0.2857
ICET-Training-No-29725,Al3Nb3Ti,-0.30471125428571455,0.1429,0.4286,0.4286
ICET-Training-No-29758,Al3Nb3Ti,-0.2522140242857144,0.1429,0.4286,0.4286
ICET-Training-No-29765,Al4Nb2Ti,-0.37135488000000044,0.1429,0.5714,0.2857
ICET-Training-No-29766,Al3Nb3Ti,-0.29379638285714244,0.1429,0.4286,0.4286
ICET-Training-No-29769,Al3Nb3Ti,-0.23945375285714274,0.1429,0.4286,0.4286
ICET-Training-No-29770,Al2Nb4Ti,-0.2018202971428573,0.1429,0.2857,0.5714
ICET-Training-No-29910,Al2Nb4Ti,-0.18956149428571528,0.1429,0.2857,0.5714
ICET-Training-No-29937,Al2Nb4Ti,-0.19889926428571517,0.1429,0.2857,0.5714
ICET-Training-No-30409,Al6Nb,-0.1412328628571434,0.0,0.8571,0.1429
ICET-Training-No-30418,Al4Nb3,-0.32520062285714296,0.0,0.5714,0.4286
ICET-Training-No-30436,Al4Nb3,-0.29486954857142883,0.0,0.5714,0.4286
ICET-Training-No-30660,AlNb6,-0.0918178785714271,0.0,0.1429,0.8571
ICET-Training-No-30865,AlTi6,-0.15430714142857077,0.8571,0.1429,0.0
ICET-Training-No-31150,Al2NbTi4,-0.2936878700000004,0.5714,0.2857,0.1429
ICET-Training-No-31157,Al3NbTi3,-0.34697037999999986,0.4286,0.4286,0.1429
ICET-Training-No-31177,Al2Nb2Ti3,-0.30063467285714296,0.4286,0.2857,0.2857
ICET-Training-No-31363,Al2Nb3Ti2,-0.2130283171428573,0.2857,0.2857,0.4286
ICET-Training-No-31366,Al2Nb3Ti2,-0.2628356457142859,0.2857,0.2857,0.4286
ICET-Training-No-32155,Al4Ti3,-0.4356498385714279,0.4286,0.5714,0.0
ICET-Training-No-32156,Al3NbTi3,-0.3591372400000005,0.4286,0.4286,0.1429
ICET-Training-No-32159,Al2Nb2Ti3,-0.3062094428571425,0.4286,0.2857,0.2857
ICET-Training-No-32187,Al3Nb2Ti2,-0.3064996899999995,0.2857,0.4286,0.2857
ICET-Training-No-32190,Al3Nb2Ti2,-0.3374330842857144,0.2857,0.4286,0.2857
ICET-Training-No-32191,Al2Nb3Ti2,-0.26274138285714344,0.2857,0.2857,0.4286
ICET-Training-No-32235,Al2Nb2Ti3,-0.28729816857142815,0.4286,0.2857,0.2857
ICET-Training-No-32252,Al2Nb3Ti2,-0.2675729185714287,0.2857,0.2857,0.4286
ICET-Training-No-32747,Al3Nb2Ti2,-0.3113746542857143,0.2857,0.4286,0.2857
ICET-Training-No-32748,Al2Nb3Ti2,-0.2633348185714287,0.2857,0.2857,0.4286
ICET-Training-No-32815,Al2Nb3Ti2,-0.24712779142857194,0.2857,0.2857,0.4286
ICET-Training-No-32839,Al3Nb3Ti,-0.23699647571428528,0.1429,0.4286,0.4286
ICET-Training-No-32842,Al3Nb3Ti,-0.2783023171428575,0.1429,0.4286,0.4286
ICET-Training-No-32843,Al2Nb4Ti,-0.20231365571428586,0.1429,0.2857,0.5714
ICET-Training-No-32903,Al2Nb3Ti2,-0.25211755000000025,0.2857,0.2857,0.4286
ICET-Training-No-32927,AlNb5Ti,-0.146694218571429,0.1429,0.1429,0.7143
ICET-Training-No-33988,Al2Nb4Ti,-0.16350725142857161,0.1429,0.2857,0.5714
ICET-Training-No-33999,Al2Nb4Ti,-0.18759745000000042,0.1429,0.2857,0.5714
ICET-Training-No-35579,Al3Nb4,-0.1573276385714288,0.0,0.4286,0.5714
ICET-Training-No-35867,Al3Nb4,-0.20692272285714353,0.0,0.4286,0.5714
ICET-Training-No-36759,Al2Ti5,-0.2734730471428577,0.7143,0.2857,0.0
ICET-Training-No-36769,Al2Ti5,-0.26282695142857193,0.7143,0.2857,0.0
ICET-Training-No-36823,Al3Ti4,-0.3564044328571429,0.5714,0.4286,0.0
ICET-Training-No-37039,Al3Ti4,-0.365207791428571,0.5714,0.4286,0.0
ICET-Training-No-37043,Al4Ti3,-0.3786727957142852,0.4286,0.5714,0.0
ICET-Training-No-37047,Al3NbTi3,-0.4104122614285716,0.4286,0.4286,0.1429
ICET-Training-No-37063,Al3NbTi3,-0.39799059000000014,0.4286,0.4286,0.1429
ICET-Training-No-37122,Al4Ti3,-0.40148443999999933,0.4286,0.5714,0.0
ICET-Training-No-37126,Al3NbTi3,-0.4028726128571429,0.4286,0.4286,0.1429
ICET-Training-No-37164,Al3Nb2Ti2,-0.3449694714285708,0.2857,0.4286,0.2857
ICET-Training-No-37220,Al2Nb2Ti3,-0.29302470999999947,0.4286,0.2857,0.2857
ICET-Training-No-37238,Al3Nb2Ti2,-0.36359251428571426,0.2857,0.4286,0.2857
ICET-Training-No-37253,Al2Nb3Ti2,-0.23739057000000027,0.2857,0.2857,0.4286
ICET-Training-No-37256,Al2Nb3Ti2,-0.25086135571428614,0.2857,0.2857,0.4286
ICET-Training-No-38045,Al4Ti3,-0.3914753614285707,0.4286,0.5714,0.0
ICET-Training-No-38046,Al3NbTi3,-0.40918371000000064,0.4286,0.4286,0.1429
ICET-Training-No-38058,Al5Ti2,-0.40425479000000003,0.2857,0.7143,0.0
ICET-Training-No-38062,Al4NbTi2,-0.3911720057142856,0.2857,0.5714,0.1429
ICET-Training-No-38077,Al3Nb2Ti2,-0.36658364285714284,0.2857,0.4286,0.2857
ICET-Training-No-38080,Al3Nb2Ti2,-0.3677466099999996,0.2857,0.4286,0.2857
ICET-Training-No-38139,Al3Nb2Ti2,-0.3547462099999998,0.2857,0.4286,0.2857
ICET-Training-No-38142,Al2Nb3Ti2,-0.2461607128571432,0.2857,0.2857,0.4286
ICET-Training-No-38239,Al5Ti2,-0.3504938914285723,0.2857,0.7143,0.0
ICET-Training-No-38240,Al4NbTi2,-0.38253593142857156,0.2857,0.5714,0.1429
ICET-Training-No-38243,Al4NbTi2,-0.4072184099999997,0.2857,0.5714,0.1429
ICET-Training-No-38258,Al3Nb2Ti2,-0.368506842857142,0.2857,0.4286,0.2857
ICET-Training-No-38261,Al2Nb3Ti2,-0.2642456385714291,0.2857,0.2857,0.4286
ICET-Training-No-38285,Al4NbTi2,-0.40654838857142905,0.2857,0.5714,0.1429
ICET-Training-No-38301,Al5NbTi,-0.3658773814285711,0.1429,0.7143,0.1429
ICET-Training-No-38317,Al4Nb2Ti,-0.3732051071428576,0.1429,0.5714,0.2857
ICET-Training-No-38321,Al3Nb3Ti,-0.27853540428571427,0.1429,0.4286,0.4286
ICET-Training-No-38370,Al3Nb2Ti2,-0.36204811999999925,0.2857,0.4286,0.2857
ICET-Training-No-38373,Al3Nb2Ti2,-0.330594448571428,0.2857,0.4286,0.2857
ICET-Training-No-38374,Al2Nb3Ti2,-0.2552402142857143,0.2857,0.2857,0.4286
ICET-Training-No-38391,Al4Nb2Ti,-0.36495642285714375,0.1429,0.5714,0.2857
ICET-Training-No-38392,Al3Nb3Ti,-0.30517218857142886,0.1429,0.4286,0.4286
ICET-Training-No-38407,Al3Nb3Ti,-0.3089727128571432,0.1429,0.4286,0.4286
ICET-Training-No-38410,Al3Nb3Ti,-0.298201972857143,0.1429,0.4286,0.4286
ICET-Training-No-38411,Al2Nb4Ti,-0.22828170000000064,0.1429,0.2857,0.5714
ICET-Training-No-38637,Al3Nb2Ti2,-0.376709248571428,0.2857,0.4286,0.2857
ICET-Training-No-38638,Al2Nb3Ti2,-0.24633276714285707,0.2857,0.2857,0.4286
ICET-Training-No-38652,Al2Nb3Ti2,-0.24408826000000008,0.2857,0.2857,0.4286
ICET-Training-No-38711,Al4Nb2Ti,-0.3915545971428571,0.1429,0.5714,0.2857
ICET-Training-No-38714,Al4Nb2Ti,-0.3629402514285717,0.1429,0.5714,0.2857
ICET-Training-No-38715,Al3Nb3Ti,-0.28576018714285667,0.1429,0.4286,0.4286
ICET-Training-No-38729,Al3Nb3Ti,-0.3256872914285712,0.1429,0.4286,0.4286
ICET-Training-No-38732,Al3Nb3Ti,-0.33930690714285766,0.1429,0.4286,0.4286
ICET-Training-No-38793,Al2Nb3Ti2,-0.23633209000000072,0.2857,0.2857,0.4286
ICET-Training-No-38796,Al3Nb3Ti,-0.29758761571428594,0.1429,0.4286,0.4286
ICET-Training-No-38799,Al2Nb4Ti,-0.20376296857142912,0.1429,0.2857,0.5714
ICET-Training-No-38813,Al2Nb4Ti,-0.20273657000000103,0.1429,0.2857,0.5714
ICET-Training-No-39830,Al3Nb3Ti,-0.2969057185714285,0.1429,0.4286,0.4286
ICET-Training-No-39833,Al2Nb4Ti,-0.22810700142857193,0.1429,0.2857,0.5714
ICET-Training-No-39889,Al2Nb4Ti,-0.20270354857142894,0.1429,0.2857,0.5714
ICET-Training-No-40076,Al2Nb4Ti,-0.19907727857142885,0.1429,0.2857,0.5714
ICET-Training-No-41349,Al6Nb,-0.27876792000000095,0.0,0.8571,0.1429
ICET-Training-No-41382,Al5Nb2,-0.26485970285714344,0.0,0.7143,0.2857
ICET-Training-No-41385,Al4Nb3,-0.35547668714285713,0.0,0.5714,0.4286
ICET-Training-No-41396,Al3Nb4,-0.24620285714285778,0.0,0.4286,0.5714
ICET-Training-No-41460,Al4Nb3,-0.30997011285714293,0.0,0.5714,0.4286
ICET-Training-No-41469,Al3Nb4,-0.26237821142857193,0.0,0.4286,0.5714
ICET-Training-No-41504,Al3Nb4,-0.25168483,0.0,0.4286,0.5714
ICET-Training-No-42663,Al3Ti4,-0.37350260857142814,0.5714,0.4286,0.0
ICET-Training-No-42709,Al2Ti5,-0.25697561428571447,0.7143,0.2857,0.0
ICET-Training-No-42713,Al3Ti4,-0.373667902857143,0.5714,0.4286,0.0
ICET-Training-No-42732,Al4Ti3,-0.3603673928571425,0.4286,0.5714,0.0
ICET-Training-No-42733,Al3NbTi3,-0.3200428757142859,0.4286,0.4286,0.1429
ICET-Training-No-42933,Al4Ti3,-0.4564354928571421,0.4286,0.5714,0.0
ICET-Training-No-42953,Al3NbTi3,-0.34413163714285744,0.4286,0.4286,0.1429
ICET-Training-No-43009,Al2NbTi4,-0.28567602285714294,0.5714,0.2857,0.1429
ICET-Training-No-43013,Al3NbTi3,-0.3634544714285722,0.4286,0.4286,0.1429
ICET-Training-No-43016,Al3NbTi3,-0.3527699242857147,0.4286,0.4286,0.1429
ICET-Training-No-43028,Al3NbTi3,-0.3129072300000004,0.4286,0.4286,0.1429
ICET-Training-No-43031,Al5Ti2,-0.32148116000000065,0.2857,0.7143,0.0
ICET-Training-No-43032,Al4NbTi2,-0.3151301100000004,0.2857,0.5714,0.1429
ICET-Training-No-43036,Al3Nb2Ti2,-0.29960921714285654,0.2857,0.4286,0.2857
ICET-Training-No-43050,Al4NbTi2,-0.42394439857142885,0.2857,0.5714,0.1429
ICET-Training-No-43054,Al3Nb2Ti2,-0.3036963157142856,0.2857,0.4286,0.2857
ICET-Training-No-43055,Al2Nb3Ti2,-0.22837022285714323,0.2857,0.2857,0.4286
ICET-Training-No-43439,Al3Nb2Ti2,-0.3021941685714284,0.2857,0.4286,0.2857
ICET-Training-No-43935,Al4Ti3,-0.420226315714285,0.4286,0.5714,0.0
ICET-Training-No-43948,Al5Ti2,-0.40377704000000036,0.2857,0.7143,0.0
ICET-Training-No-44029,Al3Nb2Ti2,-0.3547265642857137,0.2857,0.4286,0.2857
ICET-Training-No-44130,Al4NbTi2,-0.38261540571428604,0.2857,0.5714,0.1429
ICET-Training-No-44148,Al3Nb2Ti2,-0.3121549557142852,0.2857,0.4286,0.2857
ICET-Training-No-44151,Al2Nb3Ti2,-0.2390871057142862,0.2857,0.2857,0.4286
ICET-Training-No-44184,Al4NbTi2,-0.31698113714285675,0.2857,0.5714,0.1429
ICET-Training-No-44187,Al6Ti,-0.29045703142857143,0.1429,0.8571,0.0
ICET-Training-No-44192,Al4Nb2Ti,-0.2840933585714294,0.1429,0.5714,0.2857
ICET-Training-No-44206,Al5NbTi,-0.39648212428571433,0.1429,0.7143,0.1429
ICET-Training-No-44211,Al3Nb3Ti,-0.26863513142857137,0.1429,0.4286,0.4286
ICET-Training-No-44260,Al3Nb2Ti2,-0.36202962714285697,0.2857,0.4286,0.2857
ICET-Training-No-44278,Al4Nb2Ti,-0.38275832000000065,0.1429,0.5714,0.2857
ICET-Training-No-44282,Al3Nb3Ti,-0.3049937042857138,0.1429,0.4286,0.4286
ICET-Training-No-44296,Al4Nb2Ti,-0.3243583100000009,0.1429,0.5714,0.2857
ICET-Training-No-44297,Al3Nb3Ti,-0.26029703285714284,0.1429,0.4286,0.4286
ICET-Training-No-44301,Al2Nb4Ti,-0.19941445000000105,0.1429,0.2857,0.5714
ICET-Training-No-44605,Al3Nb3Ti,-0.2858926714285711,0.1429,0.4286,0.4286
ICET-Training-No-44619,Al3Nb3Ti,-0.32582874285714275,0.1429,0.4286,0.4286
ICET-Training-No-44686,Al3Nb3Ti,-0.29744503428571434,0.1429,0.4286,0.4286
ICET-Training-No-44703,Al2Nb4Ti,-0.16962856428571524,0.1429,0.2857,0.5714
ICET-Training-No-45706,Al4Nb2Ti,-0.2828356714285718,0.1429,0.5714,0.2857
ICET-Training-No-45709,Al3Nb3Ti,-0.2783625771428575,0.1429,0.4286,0.4286
ICET-Training-No-45720,Al3Nb3Ti,-0.29674072857142875,0.1429,0.4286,0.4286
ICET-Training-No-45723,Al2Nb4Ti,-0.18458353571428582,0.1429,0.2857,0.5714
ICET-Training-No-45779,Al2Nb4Ti,-0.18021414571428604,0.1429,0.2857,0.5714
ICET-Training-No-45966,Al2Nb4Ti,-0.16838238714285783,0.1429,0.2857,0.5714
ICET-Training-No-47239,Al6Nb,-0.17418329714285768,0.0,0.8571,0.1429
ICET-Training-No-47251,Al4Nb3,-0.249988765714286,0.0,0.5714,0.4286
ICET-Training-No-47272,Al5Nb2,-0.3681200185714287,0.0,0.7143,0.2857
ICET-Training-No-47275,Al4Nb3,-0.25229698714285675,0.0,0.5714,0.4286
ICET-Training-No-47286,Al3Nb4,-0.24619732285714338,0.0,0.4286,0.5714
ICET-Training-No-47359,Al3Nb4,-0.19078593000000005,0.0,0.4286,0.5714
ICET-Training-No-47647,Al3Nb4,-0.2909329757142863,0.0,0.4286,0.5714
ICET-Training-No-47655,Al2Nb5,-0.13792392428571532,0.0,0.2857,0.7143
ICET-Training-No-48553,Al3Ti4,-0.26677176857142876,0.5714,0.4286,0.0
ICET-Training-No-48557,Al2NbTi4,-0.2587722114285721,0.5714,0.2857,0.1429
ICET-Training-No-48599,Al2Ti5,-0.2494663957142862,0.7143,0.2857,0.0
ICET-Training-No-48603,Al3Ti4,-0.30462171285714235,0.5714,0.4286,0.0
ICET-Training-No-48604,Al2NbTi4,-0.2628237285714294,0.5714,0.2857,0.1429
ICET-Training-No-48626,Al3NbTi3,-0.2540906742857142,0.4286,0.4286,0.1429
ICET-Training-No-48641,Al2Nb2Ti3,-0.22101887142857127,0.4286,0.2857,0.2857
ICET-Training-No-48644,Al2Nb2Ti3,-0.2052106914285718,0.4286,0.2857,0.2857
ICET-Training-No-48706,Al2Nb2Ti3,-0.1595227885714284,0.4286,0.2857,0.2857
ICET-Training-No-48809,Al3Ti4,-0.22972526142857166,0.5714,0.4286,0.0
ICET-Training-No-48820,Al2NbTi4,-0.3044856100000004,0.5714,0.2857,0.1429
ICET-Training-No-48823,Al4Ti3,-0.2834089585714281,0.4286,0.5714,0.0
ICET-Training-No-48827,Al3NbTi3,-0.3456217142857148,0.4286,0.4286,0.1429
ICET-Training-No-48828,Al2Nb2Ti3,-0.25971242999999944,0.4286,0.2857,0.2857
ICET-Training-No-48899,Al2NbTi4,-0.17753703428571502,0.5714,0.2857,0.1429
ICET-Training-No-48902,Al4Ti3,-0.2484804985714279,0.4286,0.5714,0.0
ICET-Training-No-48918,Al3NbTi3,-0.27031842285714347,0.4286,0.4286,0.1429
ICET-Training-No-48925,Al4NbTi2,-0.22286675428571406,0.2857,0.5714,0.1429
ICET-Training-No-48940,Al4NbTi2,-0.17735138000000056,0.2857,0.5714,0.1429
ICET-Training-No-48997,Al2Nb2Ti3,-0.1927640199999995,0.4286,0.2857,0.2857
ICET-Training-No-49000,Al2Nb2Ti3,-0.1753054985714288,0.4286,0.2857,0.2857
ICET-Training-No-49012,Al2Nb2Ti3,-0.256723875714286,0.4286,0.2857,0.2857
ICET-Training-No-49015,Al3Nb2Ti2,-0.2222534757142855,0.2857,0.4286,0.2857
ICET-Training-No-49018,Al3Nb2Ti2,-0.2891588857142854,0.2857,0.4286,0.2857
ICET-Training-No-49019,Al2Nb3Ti2,-0.21931696285714355,0.2857,0.2857,0.4286
ICET-Training-No-49343,Al2Nb3Ti2,-0.19236628714285736,0.2857,0.2857,0.4286
ICET-Training-No-49825,Al4Ti3,-0.374887012857143,0.4286,0.5714,0.0
ICET-Training-No-49826,Al3NbTi3,-0.37272348142857126,0.4286,0.4286,0.1429
ICET-Training-No-49829,Al2Nb2Ti3,-0.30051516714285703,0.4286,0.2857,0.2857
ICET-Training-No-49835,Al3NbTi3,-0.3258356914285717,0.4286,0.4286,0.1429
ICET-Training-No-49839,Al4NbTi2,-0.27110425285714257,0.2857,0.5714,0.1429
ICET-Training-No-49842,Al4NbTi2,-0.3088905828571425,0.2857,0.5714,0.1429
ICET-Training-No-49843,Al3Nb2Ti2,-0.29833461571428493,0.2857,0.4286,0.2857
ICET-Training-No-49854,Al2Nb2Ti3,-0.2486977885714288,0.4286,0.2857,0.2857
ICET-Training-No-49857,Al3Nb2Ti2,-0.307371321428571,0.2857,0.4286,0.2857
ICET-Training-No-49861,Al2Nb3Ti2,-0.24761102857142905,0.2857,0.2857,0.4286
ICET-Training-No-49919,Al3Nb2Ti2,-0.2217853314285715,0.2857,0.4286,0.2857
ICET-Training-No-49922,Al2Nb3Ti2,-0.21644919285714284,0.2857,0.2857,0.4286
ICET-Training-No-50019,Al5Ti2,-0.2045836271428578,0.2857,0.7143,0.0
ICET-Training-No-50020,Al4NbTi2,-0.20773106428571403,0.2857,0.5714,0.1429
ICET-Training-No-50023,Al4NbTi2,-0.31298139142857195,0.2857,0.5714,0.1429
ICET-Training-No-50038,Al3Nb2Ti2,-0.17288541285714235,0.2857,0.4286,0.2857
ICET-Training-No-50068,Al3Nb2Ti2,-0.24375263571428515,0.2857,0.4286,0.2857
ICET-Training-No-50074,Al4NbTi2,-0.3036753471428568,0.2857,0.5714,0.1429
ICET-Training-No-50077,Al6Ti,-0.1357522728571432,0.1429,0.8571,0.0
ICET-Training-No-50096,Al5NbTi,-0.13933176571428568,0.1429,0.7143,0.1429
ICET-Training-No-50097,Al4Nb2Ti,-0.19756879714285805,0.1429,0.5714,0.2857
ICET-Training-No-50101,Al3Nb3Ti,-0.19806638142857175,0.1429,0.4286,0.4286
ICET-Training-No-50150,Al3Nb2Ti2,-0.20080851428571428,0.2857,0.4286,0.2857
ICET-Training-No-50153,Al3Nb2Ti2,-0.22845429142857146,0.2857,0.4286,0.2857
ICET-Training-No-50165,Al3Nb2Ti2,-0.26830273,0.2857,0.4286,0.2857
ICET-Training-No-50168,Al4Nb2Ti,-0.14890381142857173,0.1429,0.5714,0.2857
ICET-Training-No-50171,Al4Nb2Ti,-0.25286213857142925,0.1429,0.5714,0.2857
ICET-Training-No-50172,Al3Nb3Ti,-0.23433735285714313,0.1429,0.4286,0.4286
ICET-Training-No-50186,Al4Nb2Ti,-0.18903747142857188,0.1429,0.5714,0.2857
ICET-Training-No-50190,Al3Nb3Ti,-0.24488564571428587,0.1429,0.4286,0.4286
ICET-Training-No-50417,Al3Nb2Ti2,-0.3113263385714283,0.2857,0.4286,0.2857
ICET-Training-No-50432,Al2Nb3Ti2,-0.13867657857142848,0.2857,0.2857,0.4286
ICET-Training-No-50435,Al2Nb3Ti2,-0.22252023000000065,0.2857,0.2857,0.4286
ICET-Training-No-50485,Al2Nb3Ti2,-0.2539225328571431,0.2857,0.2857,0.4286
ICET-Training-No-50491,Al4Nb2Ti,-0.20702981142857219,0.1429,0.5714,0.2857
ICET-Training-No-50495,Al3Nb3Ti,-0.24138748285714332,0.1429,0.4286,0.4286
ICET-Training-No-50506,Al2Nb3Ti2,-0.21532600000000052,0.2857,0.2857,0.4286
ICET-Training-No-50509,Al3Nb3Ti,-0.25366600285714264,0.1429,0.4286,0.4286
ICET-Training-No-50512,Al3Nb3Ti,-0.2745779328571426,0.1429,0.4286,0.4286
ICET-Training-No-50513,Al2Nb4Ti,-0.2076548714285725,0.1429,0.2857,0.5714
ICET-Training-No-50573,Al2Nb3Ti2,-0.23106004428571428,0.2857,0.2857,0.4286
ICET-Training-No-50579,Al2Nb4Ti,-0.18137898428571475,0.1429,0.2857,0.5714
ICET-Training-No-50597,AlNb5Ti,-0.11979598857142852,0.1429,0.1429,0.7143
ICET-Training-No-51610,Al3Nb3Ti,-0.17283617571428575,0.1429,0.4286,0.4286
ICET-Training-No-51658,Al2Nb4Ti,-0.1852035771428575,0.1429,0.2857,0.5714
ICET-Training-No-51669,Al2Nb4Ti,-0.1114797285714287,0.1429,0.2857,0.5714
ICET-Training-No-53162,Al5Nb2,-0.06683205428571475,0.0,0.7143,0.2857
ICET-Training-No-53165,Al4Nb3,-0.1869633271428565,0.0,0.5714,0.4286
ICET-Training-No-53176,Al3Nb4,-0.1714221257142857,0.0,0.4286,0.5714
ICET-Training-No-53240,Al4Nb3,-0.12466440571428551,0.0,0.5714,0.4286
ICET-Training-No-53249,Al3Nb4,-0.19116348285714327,0.0,0.4286,0.5714
ICET-Training-No-53284,Al3Nb4,-0.14311351857142846,0.0,0.4286,0.5714
ICET-Training-No-53606,Al2Nb5,-0.12279493571428698,0.0,0.2857,0.7143
ICET-Training-No-0076857,Al2Nb6,-0.14590530125,0.0,0.25,0.75
ICET-Training-No-0077177,AlNb7,-0.06276595000000107,0.0,0.125,0.875
ICET-Training-No-0079764,Al2Ti6,-0.2901561512499997,0.75,0.25,0.0
ICET-Training-No-0101015,Al5Nb3,-0.3124179775000009,0.0,0.625,0.375
ICET-Training-No-0101018,Al4Nb4,-0.2607196175000004,0.0,0.5,0.5
ICET-Training-No-0101050,Al4Nb4,-0.28361925624999973,0.0,0.5,0.5
ICET-Training-No-0102452,AlNb7,-0.06030420125000013,0.0,0.125,0.875
ICET-Training-No-0116890,Al2Nb6,-0.15344035374999976,0.0,0.25,0.75
ICET-Training-No-0118925,AlTi7,-0.1460029649999992,0.875,0.125,0.0
ICET-Training-No-0118939,Al2Ti6,-0.24488188750000006,0.75,0.25,0.0
ICET-Training-No-0132875,AlTi7,-0.16717834624999917,0.875,0.125,0.0
ICET-Training-No-0132939,Al2Ti6,-0.2908750037500001,0.75,0.25,0.0
ICET-Training-No-0190073,Al3Nb4Ti,-0.2949096875000006,0.125,0.375,0.5
ICET-Training-No-0195940,Al3Nb5,-0.23065490500000063,0.0,0.375,0.625
ICET-Training-No-0197375,AlTi7,-0.20841236374999905,0.875,0.125,0.0
ICET-Training-No-0207135,Al2Nb5Ti,-0.18157743625000222,0.125,0.25,0.625
ICET-Training-No-0220127,AlNb7,-0.08898114625000098,0.0,0.125,0.875
ICET-Training-No-0222654,Al2Ti6,-0.2698617362500002,0.75,0.25,0.0
ICET-Training-No-0247939,Al2Ti6,-0.2996555862500001,0.75,0.25,0.0
ICET-Training-No-0268137,Al3Nb2Ti3,-0.35406863499999996,0.375,0.375,0.25
ICET-Training-No-0268510,Al2Nb4Ti2,-0.21595551999999962,0.25,0.25,0.5
ICET-Training-No-0271220,Al3Nb3Ti2,-0.2844838337499995,0.25,0.375,0.375
ICET-Training-No-0271244,Al3Nb4Ti,-0.2398203324999999,0.125,0.375,0.5
ICET-Training-No-0277424,Al2Nb5Ti,-0.20616161500000096,0.125,0.25,0.625
ICET-Training-No-0284275,Al3Nb5,-0.16864207625000027,0.0,0.375,0.625
ICET-Training-No-0284307,Al2Nb6,-0.14886271624999914,0.0,0.25,0.75
ICET-Training-No-0284627,AlNb7,-0.07299333375000039,0.0,0.125,0.875
ICET-Training-No-0287164,Al2Ti6,-0.32548977999999984,0.75,0.25,0.0
ICET-Training-No-0293730,Al3Nb3Ti2,-0.2739568862499997,0.25,0.375,0.375
ICET-Training-No-0317197,Al3Nb3Ti2,-0.3466001350000001,0.25,0.375,0.375
ICET-Training-No-0317198,Al2Nb4Ti2,-0.2429010224999999,0.25,0.25,0.5
ICET-Training-No-0319012,Al2Nb4Ti2,-0.25464535000000055,0.25,0.25,0.5
ICET-Training-No-0319073,Al3Nb4Ti,-0.2977795312500007,0.125,0.375,0.5
ICET-Training-No-0324940,Al3Nb5,-0.13737411750000028,0.0,0.375,0.625
ICET-Training-No-0326375,AlTi7,-0.13044966624999965,0.875,0.125,0.0
ICET-Training-No-0341445,AlTi7,-0.20442386499999898,0.875,0.125,0.0
ICET-Training-No-0341553,Al2Ti6,-0.3243557512499997,0.75,0.25,0.0
ICET-Training-No-0351047,Al2Nb4Ti2,-0.26476907750000045,0.25,0.25,0.5
ICET-Training-No-0365076,Al2Nb6,-0.18107664375,0.0,0.25,0.75
ICET-Training-No-0375387,Al3Nb5,-0.2265616675000004,0.0,0.375,0.625
ICET-Training-No-0376364,Al2Ti6,-0.3384916437500003,0.75,0.25,0.0
ICET-Training-No-0382040,Al4Nb3Ti,-0.3259587862500002,0.125,0.5,0.375
ICET-Training-No-0382279,Al4Nb3Ti,-0.3357625275,0.125,0.5,0.375
ICET-Training-No-0389083,Al4Nb4,-0.29523418000000046,0.0,0.5,0.5
ICET-Training-No-0391644,Al3Nb2Ti3,-0.2884406749999995,0.375,0.375,0.25
ICET-Training-No-0392792,Al3Nb3Ti2,-0.24132403499999988,0.25,0.375,0.375
ICET-Training-No-0399842,Al3Nb4Ti,-0.18839448000000036,0.125,0.375,0.5
ICET-Training-No-0411729,Al2Nb4Ti2,-0.2153403100000002,0.25,0.25,0.5
ICET-Training-No-0422339,Al3Nb3Ti2,-0.18475884500000017,0.25,0.375,0.375
ICET-Training-No-0423859,Al3Nb4Ti,-0.11182105875000037,0.125,0.375,0.5
